BDH.AK,!,NDC.AZ,deduced
BDH.AK,!,NDC.CA,deduced
BDH.AK,!,NDC.CO,deduced
BDH.AK,!,NDC.ID,deduced
BDH.AK,!,NDC.MT,deduced
BDH.AK,!,NDC.NM,deduced
BDH.AK,!,NDC.NV,deduced
BDH.AK,!,NDC.OR,deduced
BDH.AK,!,NDC.UT,deduced
BDH.AK,!,NDC.WA,deduced
BDH.AK,!,NDC.WY,deduced
BDH.AL,!,NDC.AR,deduced
BDH.AL,!,NDC.DE,deduced
BDH.AL,!,NDC.FL,deduced
BDH.AL,!,NDC.GA,deduced
BDH.AL,!,NDC.KY,deduced
BDH.AL,!,NDC.LA,deduced
BDH.AL,!,NDC.MD,deduced
BDH.AL,!,NDC.MS,deduced
BDH.AL,!,NDC.NC,deduced
BDH.AL,!,NDC.OK,deduced
BDH.AL,!,NDC.SC,deduced
BDH.AL,<,NDC.Southeast,deduced
BDH.AL,!,NDC.TN,deduced
BDH.AL,!,NDC.TX,deduced
BDH.AL,<,NDC.USA,deduced
BDH.AL,!,NDC.VA,deduced
BDH.AL,!,NDC.WV,deduced
BDH.AR,!,NDC.AL,deduced
BDH.AR,!,NDC.DE,deduced
BDH.AR,!,NDC.FL,deduced
BDH.AR,!,NDC.GA,deduced
BDH.AR,!,NDC.KY,deduced
BDH.AR,!,NDC.LA,deduced
BDH.AR,!,NDC.MD,deduced
BDH.AR,!,NDC.MS,deduced
BDH.AR,!,NDC.NC,deduced
BDH.AR,!,NDC.OK,deduced
BDH.AR,!,NDC.SC,deduced
BDH.AR,<,NDC.Southeast,deduced
BDH.AR,!,NDC.TN,deduced
BDH.AR,!,NDC.TX,deduced
BDH.AR,<,NDC.USA,deduced
BDH.AR,!,NDC.VA,deduced
BDH.AR,!,NDC.WV,deduced
BDH.AZ,!,NDC.CA,deduced
BDH.AZ,!,NDC.CO,deduced
BDH.AZ,!,NDC.ID,deduced
BDH.AZ,!,NDC.MT,deduced
BDH.AZ,!,NDC.NM,deduced
BDH.AZ,!,NDC.NV,deduced
BDH.AZ,!,NDC.OK,deduced
BDH.AZ,!,NDC.OR,deduced
BDH.AZ,<,NDC.Southwest,deduced
BDH.AZ,!,NDC.TX,deduced
BDH.AZ,<,NDC.USA,deduced
BDH.AZ,!,NDC.UT,deduced
BDH.AZ,!,NDC.WA,deduced
BDH.AZ,!,NDC.WY,deduced
BDH.CA,!,NDC.AZ,deduced
BDH.CA,!,NDC.CO,deduced
BDH.CA,!,NDC.ID,deduced
BDH.CA,!,NDC.MT,deduced
BDH.CA,!,NDC.NM,deduced
BDH.CA,!,NDC.NV,deduced
BDH.CA,!,NDC.OR,deduced
BDH.CA,<,NDC.USA,deduced
BDH.CA,!,NDC.UT,deduced
BDH.CA,!,NDC.WA,deduced
BDH.CA,!,NDC.WY,deduced
BDH.CA,<,NDC.West,deduced
BDH.CO,!,NDC.AZ,deduced
BDH.CO,!,NDC.CA,deduced
BDH.CO,!,NDC.ID,deduced
BDH.CO,!,NDC.MT,deduced
BDH.CO,!,NDC.NM,deduced
BDH.CO,!,NDC.NV,deduced
BDH.CO,!,NDC.OR,deduced
BDH.CO,<,NDC.USA,deduced
BDH.CO,!,NDC.UT,deduced
BDH.CO,!,NDC.WA,deduced
BDH.CO,!,NDC.WY,deduced
BDH.CO,<,NDC.West,deduced
BDH.CT,!,NDC.DE,deduced
BDH.CT,!,NDC.MA,deduced
BDH.CT,!,NDC.MD,deduced
BDH.CT,!,NDC.ME,deduced
BDH.CT,!,NDC.NH,deduced
BDH.CT,!,NDC.NJ,deduced
BDH.CT,!,NDC.NY,deduced
BDH.CT,<,NDC.Northeast,deduced
BDH.CT,!,NDC.PA,deduced
BDH.CT,!,NDC.RI,deduced
BDH.CT,<,NDC.USA,deduced
BDH.CT,!,NDC.VT,deduced
BDH.DC,!,NDC.AL,deduced
BDH.DC,!,NDC.AR,deduced
BDH.DC,!,NDC.DE,deduced
BDH.DC,!,NDC.FL,deduced
BDH.DC,!,NDC.GA,deduced
BDH.DC,!,NDC.KY,deduced
BDH.DC,!,NDC.LA,deduced
BDH.DC,!,NDC.MD,deduced
BDH.DC,!,NDC.MS,deduced
BDH.DC,!,NDC.NC,deduced
BDH.DC,!,NDC.OK,deduced
BDH.DC,!,NDC.SC,deduced
BDH.DC,!,NDC.TN,deduced
BDH.DC,!,NDC.TX,deduced
BDH.DC,!,NDC.VA,deduced
BDH.DC,!,NDC.WV,deduced
BDH.DE,!,NDC.AL,deduced
BDH.DE,!,NDC.AR,deduced
BDH.DE,!,NDC.CT,deduced
BDH.DE,!,NDC.FL,deduced
BDH.DE,!,NDC.GA,deduced
BDH.DE,!,NDC.KY,deduced
BDH.DE,!,NDC.LA,deduced
BDH.DE,!,NDC.MA,deduced
BDH.DE,!,NDC.MD,deduced
BDH.DE,!,NDC.ME,deduced
BDH.DE,!,NDC.MS,deduced
BDH.DE,!,NDC.NC,deduced
BDH.DE,!,NDC.NH,deduced
BDH.DE,!,NDC.NJ,deduced
BDH.DE,!,NDC.NY,deduced
BDH.DE,<,NDC.Northeast,deduced
BDH.DE,!,NDC.OK,deduced
BDH.DE,!,NDC.PA,deduced
BDH.DE,!,NDC.RI,deduced
BDH.DE,!,NDC.SC,deduced
BDH.DE,!,NDC.TN,deduced
BDH.DE,!,NDC.TX,deduced
BDH.DE,<,NDC.USA,deduced
BDH.DE,!,NDC.VA,deduced
BDH.DE,!,NDC.VT,deduced
BDH.DE,!,NDC.WV,deduced
BDH.FL,!,NDC.AL,deduced
BDH.FL,!,NDC.AR,deduced
BDH.FL,!,NDC.DE,deduced
BDH.FL,!,NDC.GA,deduced
BDH.FL,!,NDC.KY,deduced
BDH.FL,!,NDC.LA,deduced
BDH.FL,!,NDC.MD,deduced
BDH.FL,!,NDC.MS,deduced
BDH.FL,!,NDC.NC,deduced
BDH.FL,!,NDC.OK,deduced
BDH.FL,!,NDC.SC,deduced
BDH.FL,<,NDC.Southeast,deduced
BDH.FL,!,NDC.TN,deduced
BDH.FL,!,NDC.TX,deduced
BDH.FL,<,NDC.USA,deduced
BDH.FL,!,NDC.VA,deduced
BDH.FL,!,NDC.WV,deduced
BDH.GA,!,NDC.AL,deduced
BDH.GA,!,NDC.AR,deduced
BDH.GA,!,NDC.DE,deduced
BDH.GA,!,NDC.FL,deduced
BDH.GA,!,NDC.KY,deduced
BDH.GA,!,NDC.LA,deduced
BDH.GA,!,NDC.MD,deduced
BDH.GA,!,NDC.MS,deduced
BDH.GA,!,NDC.NC,deduced
BDH.GA,!,NDC.OK,deduced
BDH.GA,!,NDC.SC,deduced
BDH.GA,<,NDC.Southeast,deduced
BDH.GA,!,NDC.TN,deduced
BDH.GA,!,NDC.TX,deduced
BDH.GA,<,NDC.USA,deduced
BDH.GA,!,NDC.VA,deduced
BDH.GA,!,NDC.WV,deduced
BDH.HI,!,NDC.AZ,deduced
BDH.HI,!,NDC.CA,deduced
BDH.HI,!,NDC.CO,deduced
BDH.HI,!,NDC.ID,deduced
BDH.HI,!,NDC.MT,deduced
BDH.HI,!,NDC.NM,deduced
BDH.HI,!,NDC.NV,deduced
BDH.HI,!,NDC.OR,deduced
BDH.HI,!,NDC.UT,deduced
BDH.HI,!,NDC.WA,deduced
BDH.HI,!,NDC.WY,deduced
BDH.IA,!,NDC.IL,deduced
BDH.IA,!,NDC.IN,deduced
BDH.IA,!,NDC.KS,deduced
BDH.IA,!,NDC.MI,deduced
BDH.IA,!,NDC.MN,deduced
BDH.IA,!,NDC.MO,deduced
BDH.IA,<,NDC.Midwest,deduced
BDH.IA,!,NDC.ND,deduced
BDH.IA,!,NDC.NE,deduced
BDH.IA,!,NDC.OH,deduced
BDH.IA,!,NDC.SD,deduced
BDH.IA,<,NDC.USA,deduced
BDH.IA,!,NDC.WI,deduced
BDH.ID,!,NDC.AZ,deduced
BDH.ID,!,NDC.CA,deduced
BDH.ID,!,NDC.CO,deduced
BDH.ID,!,NDC.MT,deduced
BDH.ID,!,NDC.NM,deduced
BDH.ID,!,NDC.NV,deduced
BDH.ID,!,NDC.OR,deduced
BDH.ID,<,NDC.USA,deduced
BDH.ID,!,NDC.UT,deduced
BDH.ID,!,NDC.WA,deduced
BDH.ID,!,NDC.WY,deduced
BDH.ID,<,NDC.West,deduced
BDH.IL,!,NDC.IA,deduced
BDH.IL,!,NDC.IN,deduced
BDH.IL,!,NDC.KS,deduced
BDH.IL,!,NDC.MI,deduced
BDH.IL,!,NDC.MN,deduced
BDH.IL,!,NDC.MO,deduced
BDH.IL,<,NDC.Midwest,deduced
BDH.IL,!,NDC.ND,deduced
BDH.IL,!,NDC.NE,deduced
BDH.IL,!,NDC.OH,deduced
BDH.IL,!,NDC.SD,deduced
BDH.IL,<,NDC.USA,deduced
BDH.IL,!,NDC.WI,deduced
BDH.IN,!,NDC.IA,deduced
BDH.IN,!,NDC.IL,deduced
BDH.IN,!,NDC.KS,deduced
BDH.IN,!,NDC.MI,deduced
BDH.IN,!,NDC.MN,deduced
BDH.IN,!,NDC.MO,deduced
BDH.IN,<,NDC.Midwest,deduced
BDH.IN,!,NDC.ND,deduced
BDH.IN,!,NDC.NE,deduced
BDH.IN,!,NDC.OH,deduced
BDH.IN,!,NDC.SD,deduced
BDH.IN,<,NDC.USA,deduced
BDH.IN,!,NDC.WI,deduced
BDH.KS,!,NDC.IA,deduced
BDH.KS,!,NDC.IL,deduced
BDH.KS,!,NDC.IN,deduced
BDH.KS,!,NDC.MI,deduced
BDH.KS,!,NDC.MN,deduced
BDH.KS,!,NDC.MO,deduced
BDH.KS,<,NDC.Midwest,deduced
BDH.KS,!,NDC.ND,deduced
BDH.KS,!,NDC.NE,deduced
BDH.KS,!,NDC.OH,deduced
BDH.KS,!,NDC.SD,deduced
BDH.KS,<,NDC.USA,deduced
BDH.KS,!,NDC.WI,deduced
BDH.KY,!,NDC.AL,deduced
BDH.KY,!,NDC.AR,deduced
BDH.KY,!,NDC.DE,deduced
BDH.KY,!,NDC.FL,deduced
BDH.KY,!,NDC.GA,deduced
BDH.KY,!,NDC.LA,deduced
BDH.KY,!,NDC.MD,deduced
BDH.KY,!,NDC.MS,deduced
BDH.KY,!,NDC.NC,deduced
BDH.KY,!,NDC.OK,deduced
BDH.KY,!,NDC.SC,deduced
BDH.KY,<,NDC.Southeast,deduced
BDH.KY,!,NDC.TN,deduced
BDH.KY,!,NDC.TX,deduced
BDH.KY,<,NDC.USA,deduced
BDH.KY,!,NDC.VA,deduced
BDH.KY,!,NDC.WV,deduced
BDH.LA,!,NDC.AL,deduced
BDH.LA,!,NDC.AR,deduced
BDH.LA,!,NDC.DE,deduced
BDH.LA,!,NDC.FL,deduced
BDH.LA,!,NDC.GA,deduced
BDH.LA,!,NDC.KY,deduced
BDH.LA,!,NDC.MD,deduced
BDH.LA,!,NDC.MS,deduced
BDH.LA,!,NDC.NC,deduced
BDH.LA,!,NDC.OK,deduced
BDH.LA,!,NDC.SC,deduced
BDH.LA,<,NDC.Southeast,deduced
BDH.LA,!,NDC.TN,deduced
BDH.LA,!,NDC.TX,deduced
BDH.LA,<,NDC.USA,deduced
BDH.LA,!,NDC.VA,deduced
BDH.LA,!,NDC.WV,deduced
BDH.MA,!,NDC.CT,deduced
BDH.MA,!,NDC.DE,deduced
BDH.MA,!,NDC.MD,deduced
BDH.MA,!,NDC.ME,deduced
BDH.MA,!,NDC.NH,deduced
BDH.MA,!,NDC.NJ,deduced
BDH.MA,!,NDC.NY,deduced
BDH.MA,<,NDC.Northeast,deduced
BDH.MA,!,NDC.PA,deduced
BDH.MA,!,NDC.RI,deduced
BDH.MA,<,NDC.USA,deduced
BDH.MA,!,NDC.VT,deduced
BDH.MD,!,NDC.AL,deduced
BDH.MD,!,NDC.AR,deduced
BDH.MD,!,NDC.CT,deduced
BDH.MD,!,NDC.DE,deduced
BDH.MD,!,NDC.FL,deduced
BDH.MD,!,NDC.GA,deduced
BDH.MD,!,NDC.KY,deduced
BDH.MD,!,NDC.LA,deduced
BDH.MD,!,NDC.MA,deduced
BDH.MD,!,NDC.ME,deduced
BDH.MD,!,NDC.MS,deduced
BDH.MD,!,NDC.NC,deduced
BDH.MD,!,NDC.NH,deduced
BDH.MD,!,NDC.NJ,deduced
BDH.MD,!,NDC.NY,deduced
BDH.MD,<,NDC.Northeast,deduced
BDH.MD,!,NDC.OK,deduced
BDH.MD,!,NDC.PA,deduced
BDH.MD,!,NDC.RI,deduced
BDH.MD,!,NDC.SC,deduced
BDH.MD,!,NDC.TN,deduced
BDH.MD,!,NDC.TX,deduced
BDH.MD,<,NDC.USA,deduced
BDH.MD,!,NDC.VA,deduced
BDH.MD,!,NDC.VT,deduced
BDH.MD,!,NDC.WV,deduced
BDH.ME,!,NDC.CT,deduced
BDH.ME,!,NDC.DE,deduced
BDH.ME,!,NDC.MA,deduced
BDH.ME,!,NDC.MD,deduced
BDH.ME,!,NDC.NH,deduced
BDH.ME,!,NDC.NJ,deduced
BDH.ME,!,NDC.NY,deduced
BDH.ME,<,NDC.Northeast,deduced
BDH.ME,!,NDC.PA,deduced
BDH.ME,!,NDC.RI,deduced
BDH.ME,<,NDC.USA,deduced
BDH.ME,!,NDC.VT,deduced
BDH.MI,!,NDC.IA,deduced
BDH.MI,!,NDC.IL,deduced
BDH.MI,!,NDC.IN,deduced
BDH.MI,!,NDC.KS,deduced
BDH.MI,!,NDC.MN,deduced
BDH.MI,!,NDC.MO,deduced
BDH.MI,<,NDC.Midwest,deduced
BDH.MI,!,NDC.ND,deduced
BDH.MI,!,NDC.NE,deduced
BDH.MI,!,NDC.OH,deduced
BDH.MI,!,NDC.SD,deduced
BDH.MI,<,NDC.USA,deduced
BDH.MI,!,NDC.WI,deduced
BDH.MN,!,NDC.IA,deduced
BDH.MN,!,NDC.IL,deduced
BDH.MN,!,NDC.IN,deduced
BDH.MN,!,NDC.KS,deduced
BDH.MN,!,NDC.MI,deduced
BDH.MN,!,NDC.MO,deduced
BDH.MN,<,NDC.Midwest,deduced
BDH.MN,!,NDC.ND,deduced
BDH.MN,!,NDC.NE,deduced
BDH.MN,!,NDC.OH,deduced
BDH.MN,!,NDC.SD,deduced
BDH.MN,<,NDC.USA,deduced
BDH.MN,!,NDC.WI,deduced
BDH.MO,!,NDC.IA,deduced
BDH.MO,!,NDC.IL,deduced
BDH.MO,!,NDC.IN,deduced
BDH.MO,!,NDC.KS,deduced
BDH.MO,!,NDC.MI,deduced
BDH.MO,!,NDC.MN,deduced
BDH.MO,<,NDC.Midwest,deduced
BDH.MO,!,NDC.ND,deduced
BDH.MO,!,NDC.NE,deduced
BDH.MO,!,NDC.OH,deduced
BDH.MO,!,NDC.SD,deduced
BDH.MO,<,NDC.USA,deduced
BDH.MO,!,NDC.WI,deduced
BDH.MS,!,NDC.AL,deduced
BDH.MS,!,NDC.AR,deduced
BDH.MS,!,NDC.DE,deduced
BDH.MS,!,NDC.FL,deduced
BDH.MS,!,NDC.GA,deduced
BDH.MS,!,NDC.KY,deduced
BDH.MS,!,NDC.LA,deduced
BDH.MS,!,NDC.MD,deduced
BDH.MS,!,NDC.NC,deduced
BDH.MS,!,NDC.OK,deduced
BDH.MS,!,NDC.SC,deduced
BDH.MS,<,NDC.Southeast,deduced
BDH.MS,!,NDC.TN,deduced
BDH.MS,!,NDC.TX,deduced
BDH.MS,<,NDC.USA,deduced
BDH.MS,!,NDC.VA,deduced
BDH.MS,!,NDC.WV,deduced
BDH.MT,!,NDC.AZ,deduced
BDH.MT,!,NDC.CA,deduced
BDH.MT,!,NDC.CO,deduced
BDH.MT,!,NDC.ID,deduced
BDH.MT,!,NDC.NM,deduced
BDH.MT,!,NDC.NV,deduced
BDH.MT,!,NDC.OR,deduced
BDH.MT,<,NDC.USA,deduced
BDH.MT,!,NDC.UT,deduced
BDH.MT,!,NDC.WA,deduced
BDH.MT,!,NDC.WY,deduced
BDH.MT,<,NDC.West,deduced
BDH.Midwest,>,NDC.IA,deduced
BDH.Midwest,>,NDC.IL,deduced
BDH.Midwest,>,NDC.IN,deduced
BDH.Midwest,>,NDC.KS,deduced
BDH.Midwest,>,NDC.MI,deduced
BDH.Midwest,>,NDC.MN,deduced
BDH.Midwest,>,NDC.MO,deduced
BDH.Midwest,>,NDC.ND,deduced
BDH.Midwest,>,NDC.NE,deduced
BDH.Midwest,>,NDC.OH,deduced
BDH.Midwest,>,NDC.SD,deduced
BDH.Midwest,>,NDC.WI,deduced
BDH.NC,!,NDC.AL,deduced
BDH.NC,!,NDC.AR,deduced
BDH.NC,!,NDC.DE,deduced
BDH.NC,!,NDC.FL,deduced
BDH.NC,!,NDC.GA,deduced
BDH.NC,!,NDC.KY,deduced
BDH.NC,!,NDC.LA,deduced
BDH.NC,!,NDC.MD,deduced
BDH.NC,!,NDC.MS,deduced
BDH.NC,!,NDC.OK,deduced
BDH.NC,!,NDC.SC,deduced
BDH.NC,<,NDC.Southeast,deduced
BDH.NC,!,NDC.TN,deduced
BDH.NC,!,NDC.TX,deduced
BDH.NC,<,NDC.USA,deduced
BDH.NC,!,NDC.VA,deduced
BDH.NC,!,NDC.WV,deduced
BDH.ND,!,NDC.IA,deduced
BDH.ND,!,NDC.IL,deduced
BDH.ND,!,NDC.IN,deduced
BDH.ND,!,NDC.KS,deduced
BDH.ND,!,NDC.MI,deduced
BDH.ND,!,NDC.MN,deduced
BDH.ND,!,NDC.MO,deduced
BDH.ND,<,NDC.Midwest,deduced
BDH.ND,!,NDC.NE,deduced
BDH.ND,!,NDC.OH,deduced
BDH.ND,!,NDC.SD,deduced
BDH.ND,<,NDC.USA,deduced
BDH.ND,!,NDC.WI,deduced
BDH.NE,!,NDC.IA,deduced
BDH.NE,!,NDC.IL,deduced
BDH.NE,!,NDC.IN,deduced
BDH.NE,!,NDC.KS,deduced
BDH.NE,!,NDC.MI,deduced
BDH.NE,!,NDC.MN,deduced
BDH.NE,!,NDC.MO,deduced
BDH.NE,<,NDC.Midwest,deduced
BDH.NE,!,NDC.ND,deduced
BDH.NE,!,NDC.OH,deduced
BDH.NE,!,NDC.SD,deduced
BDH.NE,<,NDC.USA,deduced
BDH.NE,!,NDC.WI,deduced
BDH.NH,!,NDC.CT,deduced
BDH.NH,!,NDC.DE,deduced
BDH.NH,!,NDC.MA,deduced
BDH.NH,!,NDC.MD,deduced
BDH.NH,!,NDC.ME,deduced
BDH.NH,!,NDC.NJ,deduced
BDH.NH,!,NDC.NY,deduced
BDH.NH,<,NDC.Northeast,deduced
BDH.NH,!,NDC.PA,deduced
BDH.NH,!,NDC.RI,deduced
BDH.NH,<,NDC.USA,deduced
BDH.NH,!,NDC.VT,deduced
BDH.NJ,!,NDC.CT,deduced
BDH.NJ,!,NDC.DE,deduced
BDH.NJ,!,NDC.MA,deduced
BDH.NJ,!,NDC.MD,deduced
BDH.NJ,!,NDC.ME,deduced
BDH.NJ,!,NDC.NH,deduced
BDH.NJ,!,NDC.NY,deduced
BDH.NJ,<,NDC.Northeast,deduced
BDH.NJ,!,NDC.PA,deduced
BDH.NJ,!,NDC.RI,deduced
BDH.NJ,<,NDC.USA,deduced
BDH.NJ,!,NDC.VT,deduced
BDH.NM,!,NDC.AZ,deduced
BDH.NM,!,NDC.CA,deduced
BDH.NM,!,NDC.CO,deduced
BDH.NM,!,NDC.ID,deduced
BDH.NM,!,NDC.MT,deduced
BDH.NM,!,NDC.NV,deduced
BDH.NM,!,NDC.OK,deduced
BDH.NM,!,NDC.OR,deduced
BDH.NM,<,NDC.Southwest,deduced
BDH.NM,!,NDC.TX,deduced
BDH.NM,<,NDC.USA,deduced
BDH.NM,!,NDC.UT,deduced
BDH.NM,!,NDC.WA,deduced
BDH.NM,!,NDC.WY,deduced
BDH.NV,!,NDC.AZ,deduced
BDH.NV,!,NDC.CA,deduced
BDH.NV,!,NDC.CO,deduced
BDH.NV,!,NDC.ID,deduced
BDH.NV,!,NDC.MT,deduced
BDH.NV,!,NDC.NM,deduced
BDH.NV,!,NDC.OR,deduced
BDH.NV,<,NDC.USA,deduced
BDH.NV,!,NDC.UT,deduced
BDH.NV,!,NDC.WA,deduced
BDH.NV,!,NDC.WY,deduced
BDH.NV,<,NDC.West,deduced
BDH.NY,!,NDC.CT,deduced
BDH.NY,!,NDC.DE,deduced
BDH.NY,!,NDC.MA,deduced
BDH.NY,!,NDC.MD,deduced
BDH.NY,!,NDC.ME,deduced
BDH.NY,!,NDC.NH,deduced
BDH.NY,!,NDC.NJ,deduced
BDH.NY,<,NDC.Northeast,deduced
BDH.NY,!,NDC.PA,deduced
BDH.NY,!,NDC.RI,deduced
BDH.NY,<,NDC.USA,deduced
BDH.NY,!,NDC.VT,deduced
BDH.Northeast,>,NDC.CT,deduced
BDH.Northeast,>,NDC.MA,deduced
BDH.Northeast,>,NDC.ME,deduced
BDH.Northeast,>,NDC.NH,deduced
BDH.Northeast,>,NDC.NJ,deduced
BDH.Northeast,>,NDC.NY,deduced
BDH.Northeast,>,NDC.PA,deduced
BDH.Northeast,>,NDC.RI,deduced
BDH.Northeast,>,NDC.VT,deduced
BDH.OH,!,NDC.IA,deduced
BDH.OH,!,NDC.IL,deduced
BDH.OH,!,NDC.IN,deduced
BDH.OH,!,NDC.KS,deduced
BDH.OH,!,NDC.MI,deduced
BDH.OH,!,NDC.MN,deduced
BDH.OH,!,NDC.MO,deduced
BDH.OH,<,NDC.Midwest,deduced
BDH.OH,!,NDC.ND,deduced
BDH.OH,!,NDC.NE,deduced
BDH.OH,!,NDC.SD,deduced
BDH.OH,<,NDC.USA,deduced
BDH.OH,!,NDC.WI,deduced
BDH.OK,!,NDC.AL,deduced
BDH.OK,!,NDC.AR,deduced
BDH.OK,!,NDC.AZ,deduced
BDH.OK,!,NDC.DE,deduced
BDH.OK,!,NDC.FL,deduced
BDH.OK,!,NDC.GA,deduced
BDH.OK,!,NDC.KY,deduced
BDH.OK,!,NDC.LA,deduced
BDH.OK,!,NDC.MD,deduced
BDH.OK,!,NDC.MS,deduced
BDH.OK,!,NDC.NC,deduced
BDH.OK,!,NDC.NM,deduced
BDH.OK,!,NDC.SC,deduced
BDH.OK,<,NDC.Southwest,deduced
BDH.OK,!,NDC.TN,deduced
BDH.OK,!,NDC.TX,deduced
BDH.OK,<,NDC.USA,deduced
BDH.OK,!,NDC.VA,deduced
BDH.OK,!,NDC.WV,deduced
BDH.OR,!,NDC.AZ,deduced
BDH.OR,!,NDC.CA,deduced
BDH.OR,!,NDC.CO,deduced
BDH.OR,!,NDC.ID,deduced
BDH.OR,!,NDC.MT,deduced
BDH.OR,!,NDC.NM,deduced
BDH.OR,!,NDC.NV,deduced
BDH.OR,<,NDC.USA,deduced
BDH.OR,!,NDC.UT,deduced
BDH.OR,!,NDC.WA,deduced
BDH.OR,!,NDC.WY,deduced
BDH.OR,<,NDC.West,deduced
BDH.PA,!,NDC.CT,deduced
BDH.PA,!,NDC.DE,deduced
BDH.PA,!,NDC.MA,deduced
BDH.PA,!,NDC.MD,deduced
BDH.PA,!,NDC.ME,deduced
BDH.PA,!,NDC.NH,deduced
BDH.PA,!,NDC.NJ,deduced
BDH.PA,!,NDC.NY,deduced
BDH.PA,<,NDC.Northeast,deduced
BDH.PA,!,NDC.RI,deduced
BDH.PA,<,NDC.USA,deduced
BDH.PA,!,NDC.VT,deduced
BDH.RI,!,NDC.CT,deduced
BDH.RI,!,NDC.DE,deduced
BDH.RI,!,NDC.MA,deduced
BDH.RI,!,NDC.MD,deduced
BDH.RI,!,NDC.ME,deduced
BDH.RI,!,NDC.NH,deduced
BDH.RI,!,NDC.NJ,deduced
BDH.RI,!,NDC.NY,deduced
BDH.RI,<,NDC.Northeast,deduced
BDH.RI,!,NDC.PA,deduced
BDH.RI,<,NDC.USA,deduced
BDH.RI,!,NDC.VT,deduced
BDH.SC,!,NDC.AL,deduced
BDH.SC,!,NDC.AR,deduced
BDH.SC,!,NDC.DE,deduced
BDH.SC,!,NDC.FL,deduced
BDH.SC,!,NDC.GA,deduced
BDH.SC,!,NDC.KY,deduced
BDH.SC,!,NDC.LA,deduced
BDH.SC,!,NDC.MD,deduced
BDH.SC,!,NDC.MS,deduced
BDH.SC,!,NDC.NC,deduced
BDH.SC,!,NDC.OK,deduced
BDH.SC,<,NDC.Southeast,deduced
BDH.SC,!,NDC.TN,deduced
BDH.SC,!,NDC.TX,deduced
BDH.SC,<,NDC.USA,deduced
BDH.SC,!,NDC.VA,deduced
BDH.SC,!,NDC.WV,deduced
BDH.SD,!,NDC.IA,deduced
BDH.SD,!,NDC.IL,deduced
BDH.SD,!,NDC.IN,deduced
BDH.SD,!,NDC.KS,deduced
BDH.SD,!,NDC.MI,deduced
BDH.SD,!,NDC.MN,deduced
BDH.SD,!,NDC.MO,deduced
BDH.SD,<,NDC.Midwest,deduced
BDH.SD,!,NDC.ND,deduced
BDH.SD,!,NDC.NE,deduced
BDH.SD,!,NDC.OH,deduced
BDH.SD,<,NDC.USA,deduced
BDH.SD,!,NDC.WI,deduced
BDH.South,>,NDC.AL,deduced
BDH.South,>,NDC.AR,deduced
BDH.South,>,NDC.DE,deduced
BDH.South,>,NDC.FL,deduced
BDH.South,>,NDC.GA,deduced
BDH.South,>,NDC.KY,deduced
BDH.South,>,NDC.LA,deduced
BDH.South,>,NDC.MD,deduced
BDH.South,>,NDC.MS,deduced
BDH.South,>,NDC.NC,deduced
BDH.South,>,NDC.OK,deduced
BDH.South,>,NDC.SC,deduced
BDH.South,>,NDC.TN,deduced
BDH.South,>,NDC.TX,deduced
BDH.South,>,NDC.VA,deduced
BDH.South,>,NDC.WV,deduced
BDH.TN,!,NDC.AL,deduced
BDH.TN,!,NDC.AR,deduced
BDH.TN,!,NDC.DE,deduced
BDH.TN,!,NDC.FL,deduced
BDH.TN,!,NDC.GA,deduced
BDH.TN,!,NDC.KY,deduced
BDH.TN,!,NDC.LA,deduced
BDH.TN,!,NDC.MD,deduced
BDH.TN,!,NDC.MS,deduced
BDH.TN,!,NDC.NC,deduced
BDH.TN,!,NDC.OK,deduced
BDH.TN,!,NDC.SC,deduced
BDH.TN,<,NDC.Southeast,deduced
BDH.TN,!,NDC.TX,deduced
BDH.TN,<,NDC.USA,deduced
BDH.TN,!,NDC.VA,deduced
BDH.TN,!,NDC.WV,deduced
BDH.TX,!,NDC.AL,deduced
BDH.TX,!,NDC.AR,deduced
BDH.TX,!,NDC.AZ,deduced
BDH.TX,!,NDC.DE,deduced
BDH.TX,!,NDC.FL,deduced
BDH.TX,!,NDC.GA,deduced
BDH.TX,!,NDC.KY,deduced
BDH.TX,!,NDC.LA,deduced
BDH.TX,!,NDC.MD,deduced
BDH.TX,!,NDC.MS,deduced
BDH.TX,!,NDC.NC,deduced
BDH.TX,!,NDC.NM,deduced
BDH.TX,!,NDC.OK,deduced
BDH.TX,!,NDC.SC,deduced
BDH.TX,<,NDC.Southwest,deduced
BDH.TX,!,NDC.TN,deduced
BDH.TX,<,NDC.USA,deduced
BDH.TX,!,NDC.VA,deduced
BDH.TX,!,NDC.WV,deduced
BDH.USA,>,NDC.AL,deduced
BDH.USA,>,NDC.AR,deduced
BDH.USA,>,NDC.AZ,deduced
BDH.USA,>,NDC.CA,deduced
BDH.USA,>,NDC.CO,deduced
BDH.USA,>,NDC.CT,deduced
BDH.USA,>,NDC.DE,deduced
BDH.USA,>,NDC.FL,deduced
BDH.USA,>,NDC.GA,deduced
BDH.USA,>,NDC.IA,deduced
BDH.USA,>,NDC.ID,deduced
BDH.USA,>,NDC.IL,deduced
BDH.USA,>,NDC.IN,deduced
BDH.USA,>,NDC.KS,deduced
BDH.USA,>,NDC.KY,deduced
BDH.USA,>,NDC.LA,deduced
BDH.USA,>,NDC.MA,deduced
BDH.USA,>,NDC.MD,deduced
BDH.USA,>,NDC.ME,deduced
BDH.USA,>,NDC.MI,deduced
BDH.USA,>,NDC.MN,deduced
BDH.USA,>,NDC.MO,deduced
BDH.USA,>,NDC.MS,deduced
BDH.USA,>,NDC.MT,deduced
BDH.USA,>,NDC.NC,deduced
BDH.USA,>,NDC.ND,deduced
BDH.USA,>,NDC.NE,deduced
BDH.USA,>,NDC.NH,deduced
BDH.USA,>,NDC.NJ,deduced
BDH.USA,>,NDC.NM,deduced
BDH.USA,>,NDC.NV,deduced
BDH.USA,>,NDC.NY,deduced
BDH.USA,>,NDC.OH,deduced
BDH.USA,>,NDC.OK,deduced
BDH.USA,>,NDC.OR,deduced
BDH.USA,>,NDC.PA,deduced
BDH.USA,>,NDC.RI,deduced
BDH.USA,>,NDC.SC,deduced
BDH.USA,>,NDC.SD,deduced
BDH.USA,>,NDC.TN,deduced
BDH.USA,>,NDC.TX,deduced
BDH.USA,>,NDC.UT,deduced
BDH.USA,>,NDC.VA,deduced
BDH.USA,>,NDC.VT,deduced
BDH.USA,>,NDC.WA,deduced
BDH.USA,>,NDC.WI,deduced
BDH.USA,>,NDC.WV,deduced
BDH.USA,>,NDC.WY,deduced
BDH.UT,!,NDC.AZ,deduced
BDH.UT,!,NDC.CA,deduced
BDH.UT,!,NDC.CO,deduced
BDH.UT,!,NDC.ID,deduced
BDH.UT,!,NDC.MT,deduced
BDH.UT,!,NDC.NM,deduced
BDH.UT,!,NDC.NV,deduced
BDH.UT,!,NDC.OR,deduced
BDH.UT,<,NDC.USA,deduced
BDH.UT,!,NDC.WA,deduced
BDH.UT,!,NDC.WY,deduced
BDH.UT,<,NDC.West,deduced
BDH.VA,!,NDC.AL,deduced
BDH.VA,!,NDC.AR,deduced
BDH.VA,!,NDC.DE,deduced
BDH.VA,!,NDC.FL,deduced
BDH.VA,!,NDC.GA,deduced
BDH.VA,!,NDC.KY,deduced
BDH.VA,!,NDC.LA,deduced
BDH.VA,!,NDC.MD,deduced
BDH.VA,!,NDC.MS,deduced
BDH.VA,!,NDC.NC,deduced
BDH.VA,!,NDC.OK,deduced
BDH.VA,!,NDC.SC,deduced
BDH.VA,<,NDC.Southeast,deduced
BDH.VA,!,NDC.TN,deduced
BDH.VA,!,NDC.TX,deduced
BDH.VA,<,NDC.USA,deduced
BDH.VA,!,NDC.WV,deduced
BDH.VT,!,NDC.CT,deduced
BDH.VT,!,NDC.DE,deduced
BDH.VT,!,NDC.MA,deduced
BDH.VT,!,NDC.MD,deduced
BDH.VT,!,NDC.ME,deduced
BDH.VT,!,NDC.NH,deduced
BDH.VT,!,NDC.NJ,deduced
BDH.VT,!,NDC.NY,deduced
BDH.VT,<,NDC.Northeast,deduced
BDH.VT,!,NDC.PA,deduced
BDH.VT,!,NDC.RI,deduced
BDH.VT,<,NDC.USA,deduced
BDH.WA,!,NDC.AZ,deduced
BDH.WA,!,NDC.CA,deduced
BDH.WA,!,NDC.CO,deduced
BDH.WA,!,NDC.ID,deduced
BDH.WA,!,NDC.MT,deduced
BDH.WA,!,NDC.NM,deduced
BDH.WA,!,NDC.NV,deduced
BDH.WA,!,NDC.OR,deduced
BDH.WA,<,NDC.USA,deduced
BDH.WA,!,NDC.UT,deduced
BDH.WA,!,NDC.WY,deduced
BDH.WA,<,NDC.West,deduced
BDH.WI,!,NDC.IA,deduced
BDH.WI,!,NDC.IL,deduced
BDH.WI,!,NDC.IN,deduced
BDH.WI,!,NDC.KS,deduced
BDH.WI,!,NDC.MI,deduced
BDH.WI,!,NDC.MN,deduced
BDH.WI,!,NDC.MO,deduced
BDH.WI,<,NDC.Midwest,deduced
BDH.WI,!,NDC.ND,deduced
BDH.WI,!,NDC.NE,deduced
BDH.WI,!,NDC.OH,deduced
BDH.WI,!,NDC.SD,deduced
BDH.WI,<,NDC.USA,deduced
BDH.WV,!,NDC.AL,deduced
BDH.WV,!,NDC.AR,deduced
BDH.WV,!,NDC.DE,deduced
BDH.WV,!,NDC.FL,deduced
BDH.WV,!,NDC.GA,deduced
BDH.WV,!,NDC.KY,deduced
BDH.WV,!,NDC.LA,deduced
BDH.WV,!,NDC.MD,deduced
BDH.WV,!,NDC.MS,deduced
BDH.WV,!,NDC.NC,deduced
BDH.WV,!,NDC.OK,deduced
BDH.WV,!,NDC.SC,deduced
BDH.WV,<,NDC.Southeast,deduced
BDH.WV,!,NDC.TN,deduced
BDH.WV,!,NDC.TX,deduced
BDH.WV,<,NDC.USA,deduced
BDH.WV,!,NDC.VA,deduced
BDH.WY,!,NDC.AZ,deduced
BDH.WY,!,NDC.CA,deduced
BDH.WY,!,NDC.CO,deduced
BDH.WY,!,NDC.ID,deduced
BDH.WY,!,NDC.MT,deduced
BDH.WY,!,NDC.NM,deduced
BDH.WY,!,NDC.NV,deduced
BDH.WY,!,NDC.OR,deduced
BDH.WY,<,NDC.USA,deduced
BDH.WY,!,NDC.UT,deduced
BDH.WY,!,NDC.WA,deduced
BDH.WY,<,NDC.West,deduced
BDH.West,>,NDC.AZ,deduced
BDH.West,>,NDC.CA,deduced
BDH.West,>,NDC.CO,deduced
BDH.West,>,NDC.ID,deduced
BDH.West,>,NDC.MT,deduced
BDH.West,>,NDC.NM,deduced
BDH.West,>,NDC.NV,deduced
BDH.West,>,NDC.OR,deduced
BDH.West,>,NDC.UT,deduced
BDH.West,>,NDC.WA,deduced
BDH.West,>,NDC.WY,deduced
BDH.AK,!,NDC.AL,inferred
BDH.AK,!,NDC.AR,inferred
BDH.AK,!,NDC.CT,inferred
BDH.AK,!,NDC.DE,inferred
BDH.AK,!,NDC.FL,inferred
BDH.AK,!,NDC.GA,inferred
BDH.AK,!,NDC.IA,inferred
BDH.AK,!,NDC.IL,inferred
BDH.AK,!,NDC.IN,inferred
BDH.AK,!,NDC.KS,inferred
BDH.AK,!,NDC.KY,inferred
BDH.AK,!,NDC.LA,inferred
BDH.AK,!,NDC.MA,inferred
BDH.AK,!,NDC.MD,inferred
BDH.AK,!,NDC.ME,inferred
BDH.AK,!,NDC.MI,inferred
BDH.AK,!,NDC.MN,inferred
BDH.AK,!,NDC.MO,inferred
BDH.AK,!,NDC.MS,inferred
BDH.AK,!,NDC.Midwest,inferred
BDH.AK,!,NDC.NC,inferred
BDH.AK,!,NDC.ND,inferred
BDH.AK,!,NDC.NE,inferred
BDH.AK,!,NDC.NH,inferred
BDH.AK,!,NDC.NJ,inferred
BDH.AK,!,NDC.NY,inferred
BDH.AK,!,NDC.Northeast,inferred
BDH.AK,!,NDC.OH,inferred
BDH.AK,!,NDC.OK,inferred
BDH.AK,!,NDC.PA,inferred
BDH.AK,!,NDC.RI,inferred
BDH.AK,!,NDC.SC,inferred
BDH.AK,!,NDC.SD,inferred
BDH.AK,!,NDC.Southeast,inferred
BDH.AK,!,NDC.Southwest,inferred
BDH.AK,!,NDC.TN,inferred
BDH.AK,!,NDC.TX,inferred
BDH.AK,!,NDC.USA,inferred
BDH.AK,!,NDC.VA,inferred
BDH.AK,!,NDC.VT,inferred
BDH.AK,!,NDC.WI,inferred
BDH.AK,!,NDC.WV,inferred
BDH.AK,!,NDC.West,inferred
BDH.AL,!,NDC.AZ,inferred
BDH.AL,!,NDC.CA,inferred
BDH.AL,!,NDC.CO,inferred
BDH.AL,!,NDC.CT,inferred
BDH.AL,!,NDC.IA,inferred
BDH.AL,!,NDC.ID,inferred
BDH.AL,!,NDC.IL,inferred
BDH.AL,!,NDC.IN,inferred
BDH.AL,!,NDC.KS,inferred
BDH.AL,!,NDC.MA,inferred
BDH.AL,!,NDC.ME,inferred
BDH.AL,!,NDC.MI,inferred
BDH.AL,!,NDC.MN,inferred
BDH.AL,!,NDC.MO,inferred
BDH.AL,!,NDC.MT,inferred
BDH.AL,!,NDC.Midwest,inferred
BDH.AL,!,NDC.ND,inferred
BDH.AL,!,NDC.NE,inferred
BDH.AL,!,NDC.NH,inferred
BDH.AL,!,NDC.NJ,inferred
BDH.AL,!,NDC.NM,inferred
BDH.AL,!,NDC.NV,inferred
BDH.AL,!,NDC.NY,inferred
BDH.AL,!,NDC.Northeast,inferred
BDH.AL,!,NDC.OH,inferred
BDH.AL,!,NDC.OR,inferred
BDH.AL,!,NDC.PA,inferred
BDH.AL,!,NDC.RI,inferred
BDH.AL,!,NDC.SD,inferred
BDH.AL,!,NDC.Southwest,inferred
BDH.AL,!,NDC.UT,inferred
BDH.AL,!,NDC.VT,inferred
BDH.AL,!,NDC.WA,inferred
BDH.AL,!,NDC.WI,inferred
BDH.AL,!,NDC.WY,inferred
BDH.AL,!,NDC.West,inferred
BDH.AR,!,NDC.AZ,inferred
BDH.AR,!,NDC.CA,inferred
BDH.AR,!,NDC.CO,inferred
BDH.AR,!,NDC.CT,inferred
BDH.AR,!,NDC.IA,inferred
BDH.AR,!,NDC.ID,inferred
BDH.AR,!,NDC.IL,inferred
BDH.AR,!,NDC.IN,inferred
BDH.AR,!,NDC.KS,inferred
BDH.AR,!,NDC.MA,inferred
BDH.AR,!,NDC.ME,inferred
BDH.AR,!,NDC.MI,inferred
BDH.AR,!,NDC.MN,inferred
BDH.AR,!,NDC.MO,inferred
BDH.AR,!,NDC.MT,inferred
BDH.AR,!,NDC.Midwest,inferred
BDH.AR,!,NDC.ND,inferred
BDH.AR,!,NDC.NE,inferred
BDH.AR,!,NDC.NH,inferred
BDH.AR,!,NDC.NJ,inferred
BDH.AR,!,NDC.NM,inferred
BDH.AR,!,NDC.NV,inferred
BDH.AR,!,NDC.NY,inferred
BDH.AR,!,NDC.Northeast,inferred
BDH.AR,!,NDC.OH,inferred
BDH.AR,!,NDC.OR,inferred
BDH.AR,!,NDC.PA,inferred
BDH.AR,!,NDC.RI,inferred
BDH.AR,!,NDC.SD,inferred
BDH.AR,!,NDC.Southwest,inferred
BDH.AR,!,NDC.UT,inferred
BDH.AR,!,NDC.VT,inferred
BDH.AR,!,NDC.WA,inferred
BDH.AR,!,NDC.WI,inferred
BDH.AR,!,NDC.WY,inferred
BDH.AR,!,NDC.West,inferred
BDH.AZ,!,NDC.AL,inferred
BDH.AZ,!,NDC.AR,inferred
BDH.AZ,!,NDC.CT,inferred
BDH.AZ,!,NDC.DE,inferred
BDH.AZ,!,NDC.FL,inferred
BDH.AZ,!,NDC.GA,inferred
BDH.AZ,!,NDC.IA,inferred
BDH.AZ,!,NDC.IL,inferred
BDH.AZ,!,NDC.IN,inferred
BDH.AZ,!,NDC.KS,inferred
BDH.AZ,!,NDC.KY,inferred
BDH.AZ,!,NDC.LA,inferred
BDH.AZ,!,NDC.MA,inferred
BDH.AZ,!,NDC.MD,inferred
BDH.AZ,!,NDC.ME,inferred
BDH.AZ,!,NDC.MI,inferred
BDH.AZ,!,NDC.MN,inferred
BDH.AZ,!,NDC.MO,inferred
BDH.AZ,!,NDC.MS,inferred
BDH.AZ,!,NDC.Midwest,inferred
BDH.AZ,!,NDC.NC,inferred
BDH.AZ,!,NDC.ND,inferred
BDH.AZ,!,NDC.NE,inferred
BDH.AZ,!,NDC.NH,inferred
BDH.AZ,!,NDC.NJ,inferred
BDH.AZ,!,NDC.NY,inferred
BDH.AZ,!,NDC.Northeast,inferred
BDH.AZ,!,NDC.OH,inferred
BDH.AZ,!,NDC.PA,inferred
BDH.AZ,!,NDC.RI,inferred
BDH.AZ,!,NDC.SC,inferred
BDH.AZ,!,NDC.SD,inferred
BDH.AZ,!,NDC.Southeast,inferred
BDH.AZ,!,NDC.TN,inferred
BDH.AZ,!,NDC.VA,inferred
BDH.AZ,!,NDC.VT,inferred
BDH.AZ,!,NDC.WI,inferred
BDH.AZ,!,NDC.WV,inferred
BDH.AZ,!,NDC.West,inferred
BDH.CA,!,NDC.AL,inferred
BDH.CA,!,NDC.AR,inferred
BDH.CA,!,NDC.CT,inferred
BDH.CA,!,NDC.DE,inferred
BDH.CA,!,NDC.FL,inferred
BDH.CA,!,NDC.GA,inferred
BDH.CA,!,NDC.IA,inferred
BDH.CA,!,NDC.IL,inferred
BDH.CA,!,NDC.IN,inferred
BDH.CA,!,NDC.KS,inferred
BDH.CA,!,NDC.KY,inferred
BDH.CA,!,NDC.LA,inferred
BDH.CA,!,NDC.MA,inferred
BDH.CA,!,NDC.MD,inferred
BDH.CA,!,NDC.ME,inferred
BDH.CA,!,NDC.MI,inferred
BDH.CA,!,NDC.MN,inferred
BDH.CA,!,NDC.MO,inferred
BDH.CA,!,NDC.MS,inferred
BDH.CA,!,NDC.Midwest,inferred
BDH.CA,!,NDC.NC,inferred
BDH.CA,!,NDC.ND,inferred
BDH.CA,!,NDC.NE,inferred
BDH.CA,!,NDC.NH,inferred
BDH.CA,!,NDC.NJ,inferred
BDH.CA,!,NDC.NY,inferred
BDH.CA,!,NDC.Northeast,inferred
BDH.CA,!,NDC.OH,inferred
BDH.CA,!,NDC.OK,inferred
BDH.CA,!,NDC.PA,inferred
BDH.CA,!,NDC.RI,inferred
BDH.CA,!,NDC.SC,inferred
BDH.CA,!,NDC.SD,inferred
BDH.CA,!,NDC.Southeast,inferred
BDH.CA,!,NDC.Southwest,inferred
BDH.CA,!,NDC.TN,inferred
BDH.CA,!,NDC.TX,inferred
BDH.CA,!,NDC.VA,inferred
BDH.CA,!,NDC.VT,inferred
BDH.CA,!,NDC.WI,inferred
BDH.CA,!,NDC.WV,inferred
BDH.CO,!,NDC.AL,inferred
BDH.CO,!,NDC.AR,inferred
BDH.CO,!,NDC.CT,inferred
BDH.CO,!,NDC.DE,inferred
BDH.CO,!,NDC.FL,inferred
BDH.CO,!,NDC.GA,inferred
BDH.CO,!,NDC.IA,inferred
BDH.CO,!,NDC.IL,inferred
BDH.CO,!,NDC.IN,inferred
BDH.CO,!,NDC.KS,inferred
BDH.CO,!,NDC.KY,inferred
BDH.CO,!,NDC.LA,inferred
BDH.CO,!,NDC.MA,inferred
BDH.CO,!,NDC.MD,inferred
BDH.CO,!,NDC.ME,inferred
BDH.CO,!,NDC.MI,inferred
BDH.CO,!,NDC.MN,inferred
BDH.CO,!,NDC.MO,inferred
BDH.CO,!,NDC.MS,inferred
BDH.CO,!,NDC.Midwest,inferred
BDH.CO,!,NDC.NC,inferred
BDH.CO,!,NDC.ND,inferred
BDH.CO,!,NDC.NE,inferred
BDH.CO,!,NDC.NH,inferred
BDH.CO,!,NDC.NJ,inferred
BDH.CO,!,NDC.NY,inferred
BDH.CO,!,NDC.Northeast,inferred
BDH.CO,!,NDC.OH,inferred
BDH.CO,!,NDC.OK,inferred
BDH.CO,!,NDC.PA,inferred
BDH.CO,!,NDC.RI,inferred
BDH.CO,!,NDC.SC,inferred
BDH.CO,!,NDC.SD,inferred
BDH.CO,!,NDC.Southeast,inferred
BDH.CO,!,NDC.Southwest,inferred
BDH.CO,!,NDC.TN,inferred
BDH.CO,!,NDC.TX,inferred
BDH.CO,!,NDC.VA,inferred
BDH.CO,!,NDC.VT,inferred
BDH.CO,!,NDC.WI,inferred
BDH.CO,!,NDC.WV,inferred
BDH.CT,!,NDC.AL,inferred
BDH.CT,!,NDC.AR,inferred
BDH.CT,!,NDC.AZ,inferred
BDH.CT,!,NDC.CA,inferred
BDH.CT,!,NDC.CO,inferred
BDH.CT,!,NDC.FL,inferred
BDH.CT,!,NDC.GA,inferred
BDH.CT,!,NDC.IA,inferred
BDH.CT,!,NDC.ID,inferred
BDH.CT,!,NDC.IL,inferred
BDH.CT,!,NDC.IN,inferred
BDH.CT,!,NDC.KS,inferred
BDH.CT,!,NDC.KY,inferred
BDH.CT,!,NDC.LA,inferred
BDH.CT,!,NDC.MI,inferred
BDH.CT,!,NDC.MN,inferred
BDH.CT,!,NDC.MO,inferred
BDH.CT,!,NDC.MS,inferred
BDH.CT,!,NDC.MT,inferred
BDH.CT,!,NDC.Midwest,inferred
BDH.CT,!,NDC.NC,inferred
BDH.CT,!,NDC.ND,inferred
BDH.CT,!,NDC.NE,inferred
BDH.CT,!,NDC.NM,inferred
BDH.CT,!,NDC.NV,inferred
BDH.CT,!,NDC.OH,inferred
BDH.CT,!,NDC.OK,inferred
BDH.CT,!,NDC.OR,inferred
BDH.CT,!,NDC.SC,inferred
BDH.CT,!,NDC.SD,inferred
BDH.CT,!,NDC.Southeast,inferred
BDH.CT,!,NDC.Southwest,inferred
BDH.CT,!,NDC.TN,inferred
BDH.CT,!,NDC.TX,inferred
BDH.CT,!,NDC.UT,inferred
BDH.CT,!,NDC.VA,inferred
BDH.CT,!,NDC.WA,inferred
BDH.CT,!,NDC.WI,inferred
BDH.CT,!,NDC.WV,inferred
BDH.CT,!,NDC.WY,inferred
BDH.CT,!,NDC.West,inferred
BDH.DC,!,NDC.AZ,inferred
BDH.DC,!,NDC.CA,inferred
BDH.DC,!,NDC.CO,inferred
BDH.DC,!,NDC.CT,inferred
BDH.DC,!,NDC.IA,inferred
BDH.DC,!,NDC.ID,inferred
BDH.DC,!,NDC.IL,inferred
BDH.DC,!,NDC.IN,inferred
BDH.DC,!,NDC.KS,inferred
BDH.DC,!,NDC.MA,inferred
BDH.DC,!,NDC.ME,inferred
BDH.DC,!,NDC.MI,inferred
BDH.DC,!,NDC.MN,inferred
BDH.DC,!,NDC.MO,inferred
BDH.DC,!,NDC.MT,inferred
BDH.DC,!,NDC.Midwest,inferred
BDH.DC,!,NDC.ND,inferred
BDH.DC,!,NDC.NE,inferred
BDH.DC,!,NDC.NH,inferred
BDH.DC,!,NDC.NJ,inferred
BDH.DC,!,NDC.NM,inferred
BDH.DC,!,NDC.NV,inferred
BDH.DC,!,NDC.NY,inferred
BDH.DC,!,NDC.Northeast,inferred
BDH.DC,!,NDC.OH,inferred
BDH.DC,!,NDC.OR,inferred
BDH.DC,!,NDC.PA,inferred
BDH.DC,!,NDC.RI,inferred
BDH.DC,!,NDC.SD,inferred
BDH.DC,!,NDC.Southeast,inferred
BDH.DC,!,NDC.Southwest,inferred
BDH.DC,!,NDC.USA,inferred
BDH.DC,!,NDC.UT,inferred
BDH.DC,!,NDC.VT,inferred
BDH.DC,!,NDC.WA,inferred
BDH.DC,!,NDC.WI,inferred
BDH.DC,!,NDC.WY,inferred
BDH.DC,!,NDC.West,inferred
BDH.DE,!,NDC.AZ,inferred
BDH.DE,!,NDC.CA,inferred
BDH.DE,!,NDC.CO,inferred
BDH.DE,!,NDC.IA,inferred
BDH.DE,!,NDC.ID,inferred
BDH.DE,!,NDC.IL,inferred
BDH.DE,!,NDC.IN,inferred
BDH.DE,!,NDC.KS,inferred
BDH.DE,!,NDC.MI,inferred
BDH.DE,!,NDC.MN,inferred
BDH.DE,!,NDC.MO,inferred
BDH.DE,!,NDC.MT,inferred
BDH.DE,!,NDC.Midwest,inferred
BDH.DE,!,NDC.ND,inferred
BDH.DE,!,NDC.NE,inferred
BDH.DE,!,NDC.NM,inferred
BDH.DE,!,NDC.NV,inferred
BDH.DE,!,NDC.OH,inferred
BDH.DE,!,NDC.OR,inferred
BDH.DE,!,NDC.SD,inferred
BDH.DE,!,NDC.Southeast,inferred
BDH.DE,!,NDC.Southwest,inferred
BDH.DE,!,NDC.UT,inferred
BDH.DE,!,NDC.WA,inferred
BDH.DE,!,NDC.WI,inferred
BDH.DE,!,NDC.WY,inferred
BDH.DE,!,NDC.West,inferred
BDH.FL,!,NDC.AZ,inferred
BDH.FL,!,NDC.CA,inferred
BDH.FL,!,NDC.CO,inferred
BDH.FL,!,NDC.CT,inferred
BDH.FL,!,NDC.IA,inferred
BDH.FL,!,NDC.ID,inferred
BDH.FL,!,NDC.IL,inferred
BDH.FL,!,NDC.IN,inferred
BDH.FL,!,NDC.KS,inferred
BDH.FL,!,NDC.MA,inferred
BDH.FL,!,NDC.ME,inferred
BDH.FL,!,NDC.MI,inferred
BDH.FL,!,NDC.MN,inferred
BDH.FL,!,NDC.MO,inferred
BDH.FL,!,NDC.MT,inferred
BDH.FL,!,NDC.Midwest,inferred
BDH.FL,!,NDC.ND,inferred
BDH.FL,!,NDC.NE,inferred
BDH.FL,!,NDC.NH,inferred
BDH.FL,!,NDC.NJ,inferred
BDH.FL,!,NDC.NM,inferred
BDH.FL,!,NDC.NV,inferred
BDH.FL,!,NDC.NY,inferred
BDH.FL,!,NDC.Northeast,inferred
BDH.FL,!,NDC.OH,inferred
BDH.FL,!,NDC.OR,inferred
BDH.FL,!,NDC.PA,inferred
BDH.FL,!,NDC.RI,inferred
BDH.FL,!,NDC.SD,inferred
BDH.FL,!,NDC.Southwest,inferred
BDH.FL,!,NDC.UT,inferred
BDH.FL,!,NDC.VT,inferred
BDH.FL,!,NDC.WA,inferred
BDH.FL,!,NDC.WI,inferred
BDH.FL,!,NDC.WY,inferred
BDH.FL,!,NDC.West,inferred
BDH.GA,!,NDC.AZ,inferred
BDH.GA,!,NDC.CA,inferred
BDH.GA,!,NDC.CO,inferred
BDH.GA,!,NDC.CT,inferred
BDH.GA,!,NDC.IA,inferred
BDH.GA,!,NDC.ID,inferred
BDH.GA,!,NDC.IL,inferred
BDH.GA,!,NDC.IN,inferred
BDH.GA,!,NDC.KS,inferred
BDH.GA,!,NDC.MA,inferred
BDH.GA,!,NDC.ME,inferred
BDH.GA,!,NDC.MI,inferred
BDH.GA,!,NDC.MN,inferred
BDH.GA,!,NDC.MO,inferred
BDH.GA,!,NDC.MT,inferred
BDH.GA,!,NDC.Midwest,inferred
BDH.GA,!,NDC.ND,inferred
BDH.GA,!,NDC.NE,inferred
BDH.GA,!,NDC.NH,inferred
BDH.GA,!,NDC.NJ,inferred
BDH.GA,!,NDC.NM,inferred
BDH.GA,!,NDC.NV,inferred
BDH.GA,!,NDC.NY,inferred
BDH.GA,!,NDC.Northeast,inferred
BDH.GA,!,NDC.OH,inferred
BDH.GA,!,NDC.OR,inferred
BDH.GA,!,NDC.PA,inferred
BDH.GA,!,NDC.RI,inferred
BDH.GA,!,NDC.SD,inferred
BDH.GA,!,NDC.Southwest,inferred
BDH.GA,!,NDC.UT,inferred
BDH.GA,!,NDC.VT,inferred
BDH.GA,!,NDC.WA,inferred
BDH.GA,!,NDC.WI,inferred
BDH.GA,!,NDC.WY,inferred
BDH.GA,!,NDC.West,inferred
BDH.HI,!,NDC.AL,inferred
BDH.HI,!,NDC.AR,inferred
BDH.HI,!,NDC.CT,inferred
BDH.HI,!,NDC.DE,inferred
BDH.HI,!,NDC.FL,inferred
BDH.HI,!,NDC.GA,inferred
BDH.HI,!,NDC.IA,inferred
BDH.HI,!,NDC.IL,inferred
BDH.HI,!,NDC.IN,inferred
BDH.HI,!,NDC.KS,inferred
BDH.HI,!,NDC.KY,inferred
BDH.HI,!,NDC.LA,inferred
BDH.HI,!,NDC.MA,inferred
BDH.HI,!,NDC.MD,inferred
BDH.HI,!,NDC.ME,inferred
BDH.HI,!,NDC.MI,inferred
BDH.HI,!,NDC.MN,inferred
BDH.HI,!,NDC.MO,inferred
BDH.HI,!,NDC.MS,inferred
BDH.HI,!,NDC.Midwest,inferred
BDH.HI,!,NDC.NC,inferred
BDH.HI,!,NDC.ND,inferred
BDH.HI,!,NDC.NE,inferred
BDH.HI,!,NDC.NH,inferred
BDH.HI,!,NDC.NJ,inferred
BDH.HI,!,NDC.NY,inferred
BDH.HI,!,NDC.Northeast,inferred
BDH.HI,!,NDC.OH,inferred
BDH.HI,!,NDC.OK,inferred
BDH.HI,!,NDC.PA,inferred
BDH.HI,!,NDC.RI,inferred
BDH.HI,!,NDC.SC,inferred
BDH.HI,!,NDC.SD,inferred
BDH.HI,!,NDC.Southeast,inferred
BDH.HI,!,NDC.Southwest,inferred
BDH.HI,!,NDC.TN,inferred
BDH.HI,!,NDC.TX,inferred
BDH.HI,!,NDC.USA,inferred
BDH.HI,!,NDC.VA,inferred
BDH.HI,!,NDC.VT,inferred
BDH.HI,!,NDC.WI,inferred
BDH.HI,!,NDC.WV,inferred
BDH.HI,!,NDC.West,inferred
BDH.IA,!,NDC.AL,inferred
BDH.IA,!,NDC.AR,inferred
BDH.IA,!,NDC.AZ,inferred
BDH.IA,!,NDC.CA,inferred
BDH.IA,!,NDC.CO,inferred
BDH.IA,!,NDC.CT,inferred
BDH.IA,!,NDC.DE,inferred
BDH.IA,!,NDC.FL,inferred
BDH.IA,!,NDC.GA,inferred
BDH.IA,!,NDC.ID,inferred
BDH.IA,!,NDC.KY,inferred
BDH.IA,!,NDC.LA,inferred
BDH.IA,!,NDC.MA,inferred
BDH.IA,!,NDC.MD,inferred
BDH.IA,!,NDC.ME,inferred
BDH.IA,!,NDC.MS,inferred
BDH.IA,!,NDC.MT,inferred
BDH.IA,!,NDC.NC,inferred
BDH.IA,!,NDC.NH,inferred
BDH.IA,!,NDC.NJ,inferred
BDH.IA,!,NDC.NM,inferred
BDH.IA,!,NDC.NV,inferred
BDH.IA,!,NDC.NY,inferred
BDH.IA,!,NDC.Northeast,inferred
BDH.IA,!,NDC.OK,inferred
BDH.IA,!,NDC.OR,inferred
BDH.IA,!,NDC.PA,inferred
BDH.IA,!,NDC.RI,inferred
BDH.IA,!,NDC.SC,inferred
BDH.IA,!,NDC.Southeast,inferred
BDH.IA,!,NDC.Southwest,inferred
BDH.IA,!,NDC.TN,inferred
BDH.IA,!,NDC.TX,inferred
BDH.IA,!,NDC.UT,inferred
BDH.IA,!,NDC.VA,inferred
BDH.IA,!,NDC.VT,inferred
BDH.IA,!,NDC.WA,inferred
BDH.IA,!,NDC.WV,inferred
BDH.IA,!,NDC.WY,inferred
BDH.IA,!,NDC.West,inferred
BDH.ID,!,NDC.AL,inferred
BDH.ID,!,NDC.AR,inferred
BDH.ID,!,NDC.CT,inferred
BDH.ID,!,NDC.DE,inferred
BDH.ID,!,NDC.FL,inferred
BDH.ID,!,NDC.GA,inferred
BDH.ID,!,NDC.IA,inferred
BDH.ID,!,NDC.IL,inferred
BDH.ID,!,NDC.IN,inferred
BDH.ID,!,NDC.KS,inferred
BDH.ID,!,NDC.KY,inferred
BDH.ID,!,NDC.LA,inferred
BDH.ID,!,NDC.MA,inferred
BDH.ID,!,NDC.MD,inferred
BDH.ID,!,NDC.ME,inferred
BDH.ID,!,NDC.MI,inferred
BDH.ID,!,NDC.MN,inferred
BDH.ID,!,NDC.MO,inferred
BDH.ID,!,NDC.MS,inferred
BDH.ID,!,NDC.Midwest,inferred
BDH.ID,!,NDC.NC,inferred
BDH.ID,!,NDC.ND,inferred
BDH.ID,!,NDC.NE,inferred
BDH.ID,!,NDC.NH,inferred
BDH.ID,!,NDC.NJ,inferred
BDH.ID,!,NDC.NY,inferred
BDH.ID,!,NDC.Northeast,inferred
BDH.ID,!,NDC.OH,inferred
BDH.ID,!,NDC.OK,inferred
BDH.ID,!,NDC.PA,inferred
BDH.ID,!,NDC.RI,inferred
BDH.ID,!,NDC.SC,inferred
BDH.ID,!,NDC.SD,inferred
BDH.ID,!,NDC.Southeast,inferred
BDH.ID,!,NDC.Southwest,inferred
BDH.ID,!,NDC.TN,inferred
BDH.ID,!,NDC.TX,inferred
BDH.ID,!,NDC.VA,inferred
BDH.ID,!,NDC.VT,inferred
BDH.ID,!,NDC.WI,inferred
BDH.ID,!,NDC.WV,inferred
BDH.IL,!,NDC.AL,inferred
BDH.IL,!,NDC.AR,inferred
BDH.IL,!,NDC.AZ,inferred
BDH.IL,!,NDC.CA,inferred
BDH.IL,!,NDC.CO,inferred
BDH.IL,!,NDC.CT,inferred
BDH.IL,!,NDC.DE,inferred
BDH.IL,!,NDC.FL,inferred
BDH.IL,!,NDC.GA,inferred
BDH.IL,!,NDC.ID,inferred
BDH.IL,!,NDC.KY,inferred
BDH.IL,!,NDC.LA,inferred
BDH.IL,!,NDC.MA,inferred
BDH.IL,!,NDC.MD,inferred
BDH.IL,!,NDC.ME,inferred
BDH.IL,!,NDC.MS,inferred
BDH.IL,!,NDC.MT,inferred
BDH.IL,!,NDC.NC,inferred
BDH.IL,!,NDC.NH,inferred
BDH.IL,!,NDC.NJ,inferred
BDH.IL,!,NDC.NM,inferred
BDH.IL,!,NDC.NV,inferred
BDH.IL,!,NDC.NY,inferred
BDH.IL,!,NDC.Northeast,inferred
BDH.IL,!,NDC.OK,inferred
BDH.IL,!,NDC.OR,inferred
BDH.IL,!,NDC.PA,inferred
BDH.IL,!,NDC.RI,inferred
BDH.IL,!,NDC.SC,inferred
BDH.IL,!,NDC.Southeast,inferred
BDH.IL,!,NDC.Southwest,inferred
BDH.IL,!,NDC.TN,inferred
BDH.IL,!,NDC.TX,inferred
BDH.IL,!,NDC.UT,inferred
BDH.IL,!,NDC.VA,inferred
BDH.IL,!,NDC.VT,inferred
BDH.IL,!,NDC.WA,inferred
BDH.IL,!,NDC.WV,inferred
BDH.IL,!,NDC.WY,inferred
BDH.IL,!,NDC.West,inferred
BDH.IN,!,NDC.AL,inferred
BDH.IN,!,NDC.AR,inferred
BDH.IN,!,NDC.AZ,inferred
BDH.IN,!,NDC.CA,inferred
BDH.IN,!,NDC.CO,inferred
BDH.IN,!,NDC.CT,inferred
BDH.IN,!,NDC.DE,inferred
BDH.IN,!,NDC.FL,inferred
BDH.IN,!,NDC.GA,inferred
BDH.IN,!,NDC.ID,inferred
BDH.IN,!,NDC.KY,inferred
BDH.IN,!,NDC.LA,inferred
BDH.IN,!,NDC.MA,inferred
BDH.IN,!,NDC.MD,inferred
BDH.IN,!,NDC.ME,inferred
BDH.IN,!,NDC.MS,inferred
BDH.IN,!,NDC.MT,inferred
BDH.IN,!,NDC.NC,inferred
BDH.IN,!,NDC.NH,inferred
BDH.IN,!,NDC.NJ,inferred
BDH.IN,!,NDC.NM,inferred
BDH.IN,!,NDC.NV,inferred
BDH.IN,!,NDC.NY,inferred
BDH.IN,!,NDC.Northeast,inferred
BDH.IN,!,NDC.OK,inferred
BDH.IN,!,NDC.OR,inferred
BDH.IN,!,NDC.PA,inferred
BDH.IN,!,NDC.RI,inferred
BDH.IN,!,NDC.SC,inferred
BDH.IN,!,NDC.Southeast,inferred
BDH.IN,!,NDC.Southwest,inferred
BDH.IN,!,NDC.TN,inferred
BDH.IN,!,NDC.TX,inferred
BDH.IN,!,NDC.UT,inferred
BDH.IN,!,NDC.VA,inferred
BDH.IN,!,NDC.VT,inferred
BDH.IN,!,NDC.WA,inferred
BDH.IN,!,NDC.WV,inferred
BDH.IN,!,NDC.WY,inferred
BDH.IN,!,NDC.West,inferred
BDH.KS,!,NDC.AL,inferred
BDH.KS,!,NDC.AR,inferred
BDH.KS,!,NDC.AZ,inferred
BDH.KS,!,NDC.CA,inferred
BDH.KS,!,NDC.CO,inferred
BDH.KS,!,NDC.CT,inferred
BDH.KS,!,NDC.DE,inferred
BDH.KS,!,NDC.FL,inferred
BDH.KS,!,NDC.GA,inferred
BDH.KS,!,NDC.ID,inferred
BDH.KS,!,NDC.KY,inferred
BDH.KS,!,NDC.LA,inferred
BDH.KS,!,NDC.MA,inferred
BDH.KS,!,NDC.MD,inferred
BDH.KS,!,NDC.ME,inferred
BDH.KS,!,NDC.MS,inferred
BDH.KS,!,NDC.MT,inferred
BDH.KS,!,NDC.NC,inferred
BDH.KS,!,NDC.NH,inferred
BDH.KS,!,NDC.NJ,inferred
BDH.KS,!,NDC.NM,inferred
BDH.KS,!,NDC.NV,inferred
BDH.KS,!,NDC.NY,inferred
BDH.KS,!,NDC.Northeast,inferred
BDH.KS,!,NDC.OK,inferred
BDH.KS,!,NDC.OR,inferred
BDH.KS,!,NDC.PA,inferred
BDH.KS,!,NDC.RI,inferred
BDH.KS,!,NDC.SC,inferred
BDH.KS,!,NDC.Southeast,inferred
BDH.KS,!,NDC.Southwest,inferred
BDH.KS,!,NDC.TN,inferred
BDH.KS,!,NDC.TX,inferred
BDH.KS,!,NDC.UT,inferred
BDH.KS,!,NDC.VA,inferred
BDH.KS,!,NDC.VT,inferred
BDH.KS,!,NDC.WA,inferred
BDH.KS,!,NDC.WV,inferred
BDH.KS,!,NDC.WY,inferred
BDH.KS,!,NDC.West,inferred
BDH.KY,!,NDC.AZ,inferred
BDH.KY,!,NDC.CA,inferred
BDH.KY,!,NDC.CO,inferred
BDH.KY,!,NDC.CT,inferred
BDH.KY,!,NDC.IA,inferred
BDH.KY,!,NDC.ID,inferred
BDH.KY,!,NDC.IL,inferred
BDH.KY,!,NDC.IN,inferred
BDH.KY,!,NDC.KS,inferred
BDH.KY,!,NDC.MA,inferred
BDH.KY,!,NDC.ME,inferred
BDH.KY,!,NDC.MI,inferred
BDH.KY,!,NDC.MN,inferred
BDH.KY,!,NDC.MO,inferred
BDH.KY,!,NDC.MT,inferred
BDH.KY,!,NDC.Midwest,inferred
BDH.KY,!,NDC.ND,inferred
BDH.KY,!,NDC.NE,inferred
BDH.KY,!,NDC.NH,inferred
BDH.KY,!,NDC.NJ,inferred
BDH.KY,!,NDC.NM,inferred
BDH.KY,!,NDC.NV,inferred
BDH.KY,!,NDC.NY,inferred
BDH.KY,!,NDC.Northeast,inferred
BDH.KY,!,NDC.OH,inferred
BDH.KY,!,NDC.OR,inferred
BDH.KY,!,NDC.PA,inferred
BDH.KY,!,NDC.RI,inferred
BDH.KY,!,NDC.SD,inferred
BDH.KY,!,NDC.Southwest,inferred
BDH.KY,!,NDC.UT,inferred
BDH.KY,!,NDC.VT,inferred
BDH.KY,!,NDC.WA,inferred
BDH.KY,!,NDC.WI,inferred
BDH.KY,!,NDC.WY,inferred
BDH.KY,!,NDC.West,inferred
BDH.LA,!,NDC.AZ,inferred
BDH.LA,!,NDC.CA,inferred
BDH.LA,!,NDC.CO,inferred
BDH.LA,!,NDC.CT,inferred
BDH.LA,!,NDC.IA,inferred
BDH.LA,!,NDC.ID,inferred
BDH.LA,!,NDC.IL,inferred
BDH.LA,!,NDC.IN,inferred
BDH.LA,!,NDC.KS,inferred
BDH.LA,!,NDC.MA,inferred
BDH.LA,!,NDC.ME,inferred
BDH.LA,!,NDC.MI,inferred
BDH.LA,!,NDC.MN,inferred
BDH.LA,!,NDC.MO,inferred
BDH.LA,!,NDC.MT,inferred
BDH.LA,!,NDC.Midwest,inferred
BDH.LA,!,NDC.ND,inferred
BDH.LA,!,NDC.NE,inferred
BDH.LA,!,NDC.NH,inferred
BDH.LA,!,NDC.NJ,inferred
BDH.LA,!,NDC.NM,inferred
BDH.LA,!,NDC.NV,inferred
BDH.LA,!,NDC.NY,inferred
BDH.LA,!,NDC.Northeast,inferred
BDH.LA,!,NDC.OH,inferred
BDH.LA,!,NDC.OR,inferred
BDH.LA,!,NDC.PA,inferred
BDH.LA,!,NDC.RI,inferred
BDH.LA,!,NDC.SD,inferred
BDH.LA,!,NDC.Southwest,inferred
BDH.LA,!,NDC.UT,inferred
BDH.LA,!,NDC.VT,inferred
BDH.LA,!,NDC.WA,inferred
BDH.LA,!,NDC.WI,inferred
BDH.LA,!,NDC.WY,inferred
BDH.LA,!,NDC.West,inferred
BDH.MA,!,NDC.AL,inferred
BDH.MA,!,NDC.AR,inferred
BDH.MA,!,NDC.AZ,inferred
BDH.MA,!,NDC.CA,inferred
BDH.MA,!,NDC.CO,inferred
BDH.MA,!,NDC.FL,inferred
BDH.MA,!,NDC.GA,inferred
BDH.MA,!,NDC.IA,inferred
BDH.MA,!,NDC.ID,inferred
BDH.MA,!,NDC.IL,inferred
BDH.MA,!,NDC.IN,inferred
BDH.MA,!,NDC.KS,inferred
BDH.MA,!,NDC.KY,inferred
BDH.MA,!,NDC.LA,inferred
BDH.MA,!,NDC.MI,inferred
BDH.MA,!,NDC.MN,inferred
BDH.MA,!,NDC.MO,inferred
BDH.MA,!,NDC.MS,inferred
BDH.MA,!,NDC.MT,inferred
BDH.MA,!,NDC.Midwest,inferred
BDH.MA,!,NDC.NC,inferred
BDH.MA,!,NDC.ND,inferred
BDH.MA,!,NDC.NE,inferred
BDH.MA,!,NDC.NM,inferred
BDH.MA,!,NDC.NV,inferred
BDH.MA,!,NDC.OH,inferred
BDH.MA,!,NDC.OK,inferred
BDH.MA,!,NDC.OR,inferred
BDH.MA,!,NDC.SC,inferred
BDH.MA,!,NDC.SD,inferred
BDH.MA,!,NDC.Southeast,inferred
BDH.MA,!,NDC.Southwest,inferred
BDH.MA,!,NDC.TN,inferred
BDH.MA,!,NDC.TX,inferred
BDH.MA,!,NDC.UT,inferred
BDH.MA,!,NDC.VA,inferred
BDH.MA,!,NDC.WA,inferred
BDH.MA,!,NDC.WI,inferred
BDH.MA,!,NDC.WV,inferred
BDH.MA,!,NDC.WY,inferred
BDH.MA,!,NDC.West,inferred
BDH.MD,!,NDC.AZ,inferred
BDH.MD,!,NDC.CA,inferred
BDH.MD,!,NDC.CO,inferred
BDH.MD,!,NDC.IA,inferred
BDH.MD,!,NDC.ID,inferred
BDH.MD,!,NDC.IL,inferred
BDH.MD,!,NDC.IN,inferred
BDH.MD,!,NDC.KS,inferred
BDH.MD,!,NDC.MI,inferred
BDH.MD,!,NDC.MN,inferred
BDH.MD,!,NDC.MO,inferred
BDH.MD,!,NDC.MT,inferred
BDH.MD,!,NDC.Midwest,inferred
BDH.MD,!,NDC.ND,inferred
BDH.MD,!,NDC.NE,inferred
BDH.MD,!,NDC.NM,inferred
BDH.MD,!,NDC.NV,inferred
BDH.MD,!,NDC.OH,inferred
BDH.MD,!,NDC.OR,inferred
BDH.MD,!,NDC.SD,inferred
BDH.MD,!,NDC.Southeast,inferred
BDH.MD,!,NDC.Southwest,inferred
BDH.MD,!,NDC.UT,inferred
BDH.MD,!,NDC.WA,inferred
BDH.MD,!,NDC.WI,inferred
BDH.MD,!,NDC.WY,inferred
BDH.MD,!,NDC.West,inferred
BDH.ME,!,NDC.AL,inferred
BDH.ME,!,NDC.AR,inferred
BDH.ME,!,NDC.AZ,inferred
BDH.ME,!,NDC.CA,inferred
BDH.ME,!,NDC.CO,inferred
BDH.ME,!,NDC.FL,inferred
BDH.ME,!,NDC.GA,inferred
BDH.ME,!,NDC.IA,inferred
BDH.ME,!,NDC.ID,inferred
BDH.ME,!,NDC.IL,inferred
BDH.ME,!,NDC.IN,inferred
BDH.ME,!,NDC.KS,inferred
BDH.ME,!,NDC.KY,inferred
BDH.ME,!,NDC.LA,inferred
BDH.ME,!,NDC.MI,inferred
BDH.ME,!,NDC.MN,inferred
BDH.ME,!,NDC.MO,inferred
BDH.ME,!,NDC.MS,inferred
BDH.ME,!,NDC.MT,inferred
BDH.ME,!,NDC.Midwest,inferred
BDH.ME,!,NDC.NC,inferred
BDH.ME,!,NDC.ND,inferred
BDH.ME,!,NDC.NE,inferred
BDH.ME,!,NDC.NM,inferred
BDH.ME,!,NDC.NV,inferred
BDH.ME,!,NDC.OH,inferred
BDH.ME,!,NDC.OK,inferred
BDH.ME,!,NDC.OR,inferred
BDH.ME,!,NDC.SC,inferred
BDH.ME,!,NDC.SD,inferred
BDH.ME,!,NDC.Southeast,inferred
BDH.ME,!,NDC.Southwest,inferred
BDH.ME,!,NDC.TN,inferred
BDH.ME,!,NDC.TX,inferred
BDH.ME,!,NDC.UT,inferred
BDH.ME,!,NDC.VA,inferred
BDH.ME,!,NDC.WA,inferred
BDH.ME,!,NDC.WI,inferred
BDH.ME,!,NDC.WV,inferred
BDH.ME,!,NDC.WY,inferred
BDH.ME,!,NDC.West,inferred
BDH.MI,!,NDC.AL,inferred
BDH.MI,!,NDC.AR,inferred
BDH.MI,!,NDC.AZ,inferred
BDH.MI,!,NDC.CA,inferred
BDH.MI,!,NDC.CO,inferred
BDH.MI,!,NDC.CT,inferred
BDH.MI,!,NDC.DE,inferred
BDH.MI,!,NDC.FL,inferred
BDH.MI,!,NDC.GA,inferred
BDH.MI,!,NDC.ID,inferred
BDH.MI,!,NDC.KY,inferred
BDH.MI,!,NDC.LA,inferred
BDH.MI,!,NDC.MA,inferred
BDH.MI,!,NDC.MD,inferred
BDH.MI,!,NDC.ME,inferred
BDH.MI,!,NDC.MS,inferred
BDH.MI,!,NDC.MT,inferred
BDH.MI,!,NDC.NC,inferred
BDH.MI,!,NDC.NH,inferred
BDH.MI,!,NDC.NJ,inferred
BDH.MI,!,NDC.NM,inferred
BDH.MI,!,NDC.NV,inferred
BDH.MI,!,NDC.NY,inferred
BDH.MI,!,NDC.Northeast,inferred
BDH.MI,!,NDC.OK,inferred
BDH.MI,!,NDC.OR,inferred
BDH.MI,!,NDC.PA,inferred
BDH.MI,!,NDC.RI,inferred
BDH.MI,!,NDC.SC,inferred
BDH.MI,!,NDC.Southeast,inferred
BDH.MI,!,NDC.Southwest,inferred
BDH.MI,!,NDC.TN,inferred
BDH.MI,!,NDC.TX,inferred
BDH.MI,!,NDC.UT,inferred
BDH.MI,!,NDC.VA,inferred
BDH.MI,!,NDC.VT,inferred
BDH.MI,!,NDC.WA,inferred
BDH.MI,!,NDC.WV,inferred
BDH.MI,!,NDC.WY,inferred
BDH.MI,!,NDC.West,inferred
BDH.MN,!,NDC.AL,inferred
BDH.MN,!,NDC.AR,inferred
BDH.MN,!,NDC.AZ,inferred
BDH.MN,!,NDC.CA,inferred
BDH.MN,!,NDC.CO,inferred
BDH.MN,!,NDC.CT,inferred
BDH.MN,!,NDC.DE,inferred
BDH.MN,!,NDC.FL,inferred
BDH.MN,!,NDC.GA,inferred
BDH.MN,!,NDC.ID,inferred
BDH.MN,!,NDC.KY,inferred
BDH.MN,!,NDC.LA,inferred
BDH.MN,!,NDC.MA,inferred
BDH.MN,!,NDC.MD,inferred
BDH.MN,!,NDC.ME,inferred
BDH.MN,!,NDC.MS,inferred
BDH.MN,!,NDC.MT,inferred
BDH.MN,!,NDC.NC,inferred
BDH.MN,!,NDC.NH,inferred
BDH.MN,!,NDC.NJ,inferred
BDH.MN,!,NDC.NM,inferred
BDH.MN,!,NDC.NV,inferred
BDH.MN,!,NDC.NY,inferred
BDH.MN,!,NDC.Northeast,inferred
BDH.MN,!,NDC.OK,inferred
BDH.MN,!,NDC.OR,inferred
BDH.MN,!,NDC.PA,inferred
BDH.MN,!,NDC.RI,inferred
BDH.MN,!,NDC.SC,inferred
BDH.MN,!,NDC.Southeast,inferred
BDH.MN,!,NDC.Southwest,inferred
BDH.MN,!,NDC.TN,inferred
BDH.MN,!,NDC.TX,inferred
BDH.MN,!,NDC.UT,inferred
BDH.MN,!,NDC.VA,inferred
BDH.MN,!,NDC.VT,inferred
BDH.MN,!,NDC.WA,inferred
BDH.MN,!,NDC.WV,inferred
BDH.MN,!,NDC.WY,inferred
BDH.MN,!,NDC.West,inferred
BDH.MO,!,NDC.AL,inferred
BDH.MO,!,NDC.AR,inferred
BDH.MO,!,NDC.AZ,inferred
BDH.MO,!,NDC.CA,inferred
BDH.MO,!,NDC.CO,inferred
BDH.MO,!,NDC.CT,inferred
BDH.MO,!,NDC.DE,inferred
BDH.MO,!,NDC.FL,inferred
BDH.MO,!,NDC.GA,inferred
BDH.MO,!,NDC.ID,inferred
BDH.MO,!,NDC.KY,inferred
BDH.MO,!,NDC.LA,inferred
BDH.MO,!,NDC.MA,inferred
BDH.MO,!,NDC.MD,inferred
BDH.MO,!,NDC.ME,inferred
BDH.MO,!,NDC.MS,inferred
BDH.MO,!,NDC.MT,inferred
BDH.MO,!,NDC.NC,inferred
BDH.MO,!,NDC.NH,inferred
BDH.MO,!,NDC.NJ,inferred
BDH.MO,!,NDC.NM,inferred
BDH.MO,!,NDC.NV,inferred
BDH.MO,!,NDC.NY,inferred
BDH.MO,!,NDC.Northeast,inferred
BDH.MO,!,NDC.OK,inferred
BDH.MO,!,NDC.OR,inferred
BDH.MO,!,NDC.PA,inferred
BDH.MO,!,NDC.RI,inferred
BDH.MO,!,NDC.SC,inferred
BDH.MO,!,NDC.Southeast,inferred
BDH.MO,!,NDC.Southwest,inferred
BDH.MO,!,NDC.TN,inferred
BDH.MO,!,NDC.TX,inferred
BDH.MO,!,NDC.UT,inferred
BDH.MO,!,NDC.VA,inferred
BDH.MO,!,NDC.VT,inferred
BDH.MO,!,NDC.WA,inferred
BDH.MO,!,NDC.WV,inferred
BDH.MO,!,NDC.WY,inferred
BDH.MO,!,NDC.West,inferred
BDH.MS,!,NDC.AZ,inferred
BDH.MS,!,NDC.CA,inferred
BDH.MS,!,NDC.CO,inferred
BDH.MS,!,NDC.CT,inferred
BDH.MS,!,NDC.IA,inferred
BDH.MS,!,NDC.ID,inferred
BDH.MS,!,NDC.IL,inferred
BDH.MS,!,NDC.IN,inferred
BDH.MS,!,NDC.KS,inferred
BDH.MS,!,NDC.MA,inferred
BDH.MS,!,NDC.ME,inferred
BDH.MS,!,NDC.MI,inferred
BDH.MS,!,NDC.MN,inferred
BDH.MS,!,NDC.MO,inferred
BDH.MS,!,NDC.MT,inferred
BDH.MS,!,NDC.Midwest,inferred
BDH.MS,!,NDC.ND,inferred
BDH.MS,!,NDC.NE,inferred
BDH.MS,!,NDC.NH,inferred
BDH.MS,!,NDC.NJ,inferred
BDH.MS,!,NDC.NM,inferred
BDH.MS,!,NDC.NV,inferred
BDH.MS,!,NDC.NY,inferred
BDH.MS,!,NDC.Northeast,inferred
BDH.MS,!,NDC.OH,inferred
BDH.MS,!,NDC.OR,inferred
BDH.MS,!,NDC.PA,inferred
BDH.MS,!,NDC.RI,inferred
BDH.MS,!,NDC.SD,inferred
BDH.MS,!,NDC.Southwest,inferred
BDH.MS,!,NDC.UT,inferred
BDH.MS,!,NDC.VT,inferred
BDH.MS,!,NDC.WA,inferred
BDH.MS,!,NDC.WI,inferred
BDH.MS,!,NDC.WY,inferred
BDH.MS,!,NDC.West,inferred
BDH.MT,!,NDC.AL,inferred
BDH.MT,!,NDC.AR,inferred
BDH.MT,!,NDC.CT,inferred
BDH.MT,!,NDC.DE,inferred
BDH.MT,!,NDC.FL,inferred
BDH.MT,!,NDC.GA,inferred
BDH.MT,!,NDC.IA,inferred
BDH.MT,!,NDC.IL,inferred
BDH.MT,!,NDC.IN,inferred
BDH.MT,!,NDC.KS,inferred
BDH.MT,!,NDC.KY,inferred
BDH.MT,!,NDC.LA,inferred
BDH.MT,!,NDC.MA,inferred
BDH.MT,!,NDC.MD,inferred
BDH.MT,!,NDC.ME,inferred
BDH.MT,!,NDC.MI,inferred
BDH.MT,!,NDC.MN,inferred
BDH.MT,!,NDC.MO,inferred
BDH.MT,!,NDC.MS,inferred
BDH.MT,!,NDC.Midwest,inferred
BDH.MT,!,NDC.NC,inferred
BDH.MT,!,NDC.ND,inferred
BDH.MT,!,NDC.NE,inferred
BDH.MT,!,NDC.NH,inferred
BDH.MT,!,NDC.NJ,inferred
BDH.MT,!,NDC.NY,inferred
BDH.MT,!,NDC.Northeast,inferred
BDH.MT,!,NDC.OH,inferred
BDH.MT,!,NDC.OK,inferred
BDH.MT,!,NDC.PA,inferred
BDH.MT,!,NDC.RI,inferred
BDH.MT,!,NDC.SC,inferred
BDH.MT,!,NDC.SD,inferred
BDH.MT,!,NDC.Southeast,inferred
BDH.MT,!,NDC.Southwest,inferred
BDH.MT,!,NDC.TN,inferred
BDH.MT,!,NDC.TX,inferred
BDH.MT,!,NDC.VA,inferred
BDH.MT,!,NDC.VT,inferred
BDH.MT,!,NDC.WI,inferred
BDH.MT,!,NDC.WV,inferred
BDH.Midwest,!,NDC.AL,inferred
BDH.Midwest,!,NDC.AR,inferred
BDH.Midwest,!,NDC.AZ,inferred
BDH.Midwest,!,NDC.CA,inferred
BDH.Midwest,!,NDC.CO,inferred
BDH.Midwest,!,NDC.CT,inferred
BDH.Midwest,!,NDC.DE,inferred
BDH.Midwest,!,NDC.FL,inferred
BDH.Midwest,!,NDC.GA,inferred
BDH.Midwest,!,NDC.ID,inferred
BDH.Midwest,!,NDC.KY,inferred
BDH.Midwest,!,NDC.LA,inferred
BDH.Midwest,!,NDC.MA,inferred
BDH.Midwest,!,NDC.MD,inferred
BDH.Midwest,!,NDC.ME,inferred
BDH.Midwest,!,NDC.MS,inferred
BDH.Midwest,!,NDC.MT,inferred
BDH.Midwest,=,NDC.Midwest,inferred
BDH.Midwest,!,NDC.NC,inferred
BDH.Midwest,!,NDC.NH,inferred
BDH.Midwest,!,NDC.NJ,inferred
BDH.Midwest,!,NDC.NM,inferred
BDH.Midwest,!,NDC.NV,inferred
BDH.Midwest,!,NDC.NY,inferred
BDH.Midwest,!,NDC.Northeast,inferred
BDH.Midwest,!,NDC.OK,inferred
BDH.Midwest,!,NDC.OR,inferred
BDH.Midwest,!,NDC.PA,inferred
BDH.Midwest,!,NDC.RI,inferred
BDH.Midwest,!,NDC.SC,inferred
BDH.Midwest,!,NDC.Southeast,inferred
BDH.Midwest,!,NDC.Southwest,inferred
BDH.Midwest,!,NDC.TN,inferred
BDH.Midwest,!,NDC.TX,inferred
BDH.Midwest,<,NDC.USA,inferred
BDH.Midwest,!,NDC.UT,inferred
BDH.Midwest,!,NDC.VA,inferred
BDH.Midwest,!,NDC.VT,inferred
BDH.Midwest,!,NDC.WA,inferred
BDH.Midwest,!,NDC.WV,inferred
BDH.Midwest,!,NDC.WY,inferred
BDH.Midwest,!,NDC.West,inferred
BDH.NC,!,NDC.AZ,inferred
BDH.NC,!,NDC.CA,inferred
BDH.NC,!,NDC.CO,inferred
BDH.NC,!,NDC.CT,inferred
BDH.NC,!,NDC.IA,inferred
BDH.NC,!,NDC.ID,inferred
BDH.NC,!,NDC.IL,inferred
BDH.NC,!,NDC.IN,inferred
BDH.NC,!,NDC.KS,inferred
BDH.NC,!,NDC.MA,inferred
BDH.NC,!,NDC.ME,inferred
BDH.NC,!,NDC.MI,inferred
BDH.NC,!,NDC.MN,inferred
BDH.NC,!,NDC.MO,inferred
BDH.NC,!,NDC.MT,inferred
BDH.NC,!,NDC.Midwest,inferred
BDH.NC,!,NDC.ND,inferred
BDH.NC,!,NDC.NE,inferred
BDH.NC,!,NDC.NH,inferred
BDH.NC,!,NDC.NJ,inferred
BDH.NC,!,NDC.NM,inferred
BDH.NC,!,NDC.NV,inferred
BDH.NC,!,NDC.NY,inferred
BDH.NC,!,NDC.Northeast,inferred
BDH.NC,!,NDC.OH,inferred
BDH.NC,!,NDC.OR,inferred
BDH.NC,!,NDC.PA,inferred
BDH.NC,!,NDC.RI,inferred
BDH.NC,!,NDC.SD,inferred
BDH.NC,!,NDC.Southwest,inferred
BDH.NC,!,NDC.UT,inferred
BDH.NC,!,NDC.VT,inferred
BDH.NC,!,NDC.WA,inferred
BDH.NC,!,NDC.WI,inferred
BDH.NC,!,NDC.WY,inferred
BDH.NC,!,NDC.West,inferred
BDH.ND,!,NDC.AL,inferred
BDH.ND,!,NDC.AR,inferred
BDH.ND,!,NDC.AZ,inferred
BDH.ND,!,NDC.CA,inferred
BDH.ND,!,NDC.CO,inferred
BDH.ND,!,NDC.CT,inferred
BDH.ND,!,NDC.DE,inferred
BDH.ND,!,NDC.FL,inferred
BDH.ND,!,NDC.GA,inferred
BDH.ND,!,NDC.ID,inferred
BDH.ND,!,NDC.KY,inferred
BDH.ND,!,NDC.LA,inferred
BDH.ND,!,NDC.MA,inferred
BDH.ND,!,NDC.MD,inferred
BDH.ND,!,NDC.ME,inferred
BDH.ND,!,NDC.MS,inferred
BDH.ND,!,NDC.MT,inferred
BDH.ND,!,NDC.NC,inferred
BDH.ND,!,NDC.NH,inferred
BDH.ND,!,NDC.NJ,inferred
BDH.ND,!,NDC.NM,inferred
BDH.ND,!,NDC.NV,inferred
BDH.ND,!,NDC.NY,inferred
BDH.ND,!,NDC.Northeast,inferred
BDH.ND,!,NDC.OK,inferred
BDH.ND,!,NDC.OR,inferred
BDH.ND,!,NDC.PA,inferred
BDH.ND,!,NDC.RI,inferred
BDH.ND,!,NDC.SC,inferred
BDH.ND,!,NDC.Southeast,inferred
BDH.ND,!,NDC.Southwest,inferred
BDH.ND,!,NDC.TN,inferred
BDH.ND,!,NDC.TX,inferred
BDH.ND,!,NDC.UT,inferred
BDH.ND,!,NDC.VA,inferred
BDH.ND,!,NDC.VT,inferred
BDH.ND,!,NDC.WA,inferred
BDH.ND,!,NDC.WV,inferred
BDH.ND,!,NDC.WY,inferred
BDH.ND,!,NDC.West,inferred
BDH.NE,!,NDC.AL,inferred
BDH.NE,!,NDC.AR,inferred
BDH.NE,!,NDC.AZ,inferred
BDH.NE,!,NDC.CA,inferred
BDH.NE,!,NDC.CO,inferred
BDH.NE,!,NDC.CT,inferred
BDH.NE,!,NDC.DE,inferred
BDH.NE,!,NDC.FL,inferred
BDH.NE,!,NDC.GA,inferred
BDH.NE,!,NDC.ID,inferred
BDH.NE,!,NDC.KY,inferred
BDH.NE,!,NDC.LA,inferred
BDH.NE,!,NDC.MA,inferred
BDH.NE,!,NDC.MD,inferred
BDH.NE,!,NDC.ME,inferred
BDH.NE,!,NDC.MS,inferred
BDH.NE,!,NDC.MT,inferred
BDH.NE,!,NDC.NC,inferred
BDH.NE,!,NDC.NH,inferred
BDH.NE,!,NDC.NJ,inferred
BDH.NE,!,NDC.NM,inferred
BDH.NE,!,NDC.NV,inferred
BDH.NE,!,NDC.NY,inferred
BDH.NE,!,NDC.Northeast,inferred
BDH.NE,!,NDC.OK,inferred
BDH.NE,!,NDC.OR,inferred
BDH.NE,!,NDC.PA,inferred
BDH.NE,!,NDC.RI,inferred
BDH.NE,!,NDC.SC,inferred
BDH.NE,!,NDC.Southeast,inferred
BDH.NE,!,NDC.Southwest,inferred
BDH.NE,!,NDC.TN,inferred
BDH.NE,!,NDC.TX,inferred
BDH.NE,!,NDC.UT,inferred
BDH.NE,!,NDC.VA,inferred
BDH.NE,!,NDC.VT,inferred
BDH.NE,!,NDC.WA,inferred
BDH.NE,!,NDC.WV,inferred
BDH.NE,!,NDC.WY,inferred
BDH.NE,!,NDC.West,inferred
BDH.NH,!,NDC.AL,inferred
BDH.NH,!,NDC.AR,inferred
BDH.NH,!,NDC.AZ,inferred
BDH.NH,!,NDC.CA,inferred
BDH.NH,!,NDC.CO,inferred
BDH.NH,!,NDC.FL,inferred
BDH.NH,!,NDC.GA,inferred
BDH.NH,!,NDC.IA,inferred
BDH.NH,!,NDC.ID,inferred
BDH.NH,!,NDC.IL,inferred
BDH.NH,!,NDC.IN,inferred
BDH.NH,!,NDC.KS,inferred
BDH.NH,!,NDC.KY,inferred
BDH.NH,!,NDC.LA,inferred
BDH.NH,!,NDC.MI,inferred
BDH.NH,!,NDC.MN,inferred
BDH.NH,!,NDC.MO,inferred
BDH.NH,!,NDC.MS,inferred
BDH.NH,!,NDC.MT,inferred
BDH.NH,!,NDC.Midwest,inferred
BDH.NH,!,NDC.NC,inferred
BDH.NH,!,NDC.ND,inferred
BDH.NH,!,NDC.NE,inferred
BDH.NH,!,NDC.NM,inferred
BDH.NH,!,NDC.NV,inferred
BDH.NH,!,NDC.OH,inferred
BDH.NH,!,NDC.OK,inferred
BDH.NH,!,NDC.OR,inferred
BDH.NH,!,NDC.SC,inferred
BDH.NH,!,NDC.SD,inferred
BDH.NH,!,NDC.Southeast,inferred
BDH.NH,!,NDC.Southwest,inferred
BDH.NH,!,NDC.TN,inferred
BDH.NH,!,NDC.TX,inferred
BDH.NH,!,NDC.UT,inferred
BDH.NH,!,NDC.VA,inferred
BDH.NH,!,NDC.WA,inferred
BDH.NH,!,NDC.WI,inferred
BDH.NH,!,NDC.WV,inferred
BDH.NH,!,NDC.WY,inferred
BDH.NH,!,NDC.West,inferred
BDH.NJ,!,NDC.AL,inferred
BDH.NJ,!,NDC.AR,inferred
BDH.NJ,!,NDC.AZ,inferred
BDH.NJ,!,NDC.CA,inferred
BDH.NJ,!,NDC.CO,inferred
BDH.NJ,!,NDC.FL,inferred
BDH.NJ,!,NDC.GA,inferred
BDH.NJ,!,NDC.IA,inferred
BDH.NJ,!,NDC.ID,inferred
BDH.NJ,!,NDC.IL,inferred
BDH.NJ,!,NDC.IN,inferred
BDH.NJ,!,NDC.KS,inferred
BDH.NJ,!,NDC.KY,inferred
BDH.NJ,!,NDC.LA,inferred
BDH.NJ,!,NDC.MI,inferred
BDH.NJ,!,NDC.MN,inferred
BDH.NJ,!,NDC.MO,inferred
BDH.NJ,!,NDC.MS,inferred
BDH.NJ,!,NDC.MT,inferred
BDH.NJ,!,NDC.Midwest,inferred
BDH.NJ,!,NDC.NC,inferred
BDH.NJ,!,NDC.ND,inferred
BDH.NJ,!,NDC.NE,inferred
BDH.NJ,!,NDC.NM,inferred
BDH.NJ,!,NDC.NV,inferred
BDH.NJ,!,NDC.OH,inferred
BDH.NJ,!,NDC.OK,inferred
BDH.NJ,!,NDC.OR,inferred
BDH.NJ,!,NDC.SC,inferred
BDH.NJ,!,NDC.SD,inferred
BDH.NJ,!,NDC.Southeast,inferred
BDH.NJ,!,NDC.Southwest,inferred
BDH.NJ,!,NDC.TN,inferred
BDH.NJ,!,NDC.TX,inferred
BDH.NJ,!,NDC.UT,inferred
BDH.NJ,!,NDC.VA,inferred
BDH.NJ,!,NDC.WA,inferred
BDH.NJ,!,NDC.WI,inferred
BDH.NJ,!,NDC.WV,inferred
BDH.NJ,!,NDC.WY,inferred
BDH.NJ,!,NDC.West,inferred
BDH.NM,!,NDC.AL,inferred
BDH.NM,!,NDC.AR,inferred
BDH.NM,!,NDC.CT,inferred
BDH.NM,!,NDC.DE,inferred
BDH.NM,!,NDC.FL,inferred
BDH.NM,!,NDC.GA,inferred
BDH.NM,!,NDC.IA,inferred
BDH.NM,!,NDC.IL,inferred
BDH.NM,!,NDC.IN,inferred
BDH.NM,!,NDC.KS,inferred
BDH.NM,!,NDC.KY,inferred
BDH.NM,!,NDC.LA,inferred
BDH.NM,!,NDC.MA,inferred
BDH.NM,!,NDC.MD,inferred
BDH.NM,!,NDC.ME,inferred
BDH.NM,!,NDC.MI,inferred
BDH.NM,!,NDC.MN,inferred
BDH.NM,!,NDC.MO,inferred
BDH.NM,!,NDC.MS,inferred
BDH.NM,!,NDC.Midwest,inferred
BDH.NM,!,NDC.NC,inferred
BDH.NM,!,NDC.ND,inferred
BDH.NM,!,NDC.NE,inferred
BDH.NM,!,NDC.NH,inferred
BDH.NM,!,NDC.NJ,inferred
BDH.NM,!,NDC.NY,inferred
BDH.NM,!,NDC.Northeast,inferred
BDH.NM,!,NDC.OH,inferred
BDH.NM,!,NDC.PA,inferred
BDH.NM,!,NDC.RI,inferred
BDH.NM,!,NDC.SC,inferred
BDH.NM,!,NDC.SD,inferred
BDH.NM,!,NDC.Southeast,inferred
BDH.NM,!,NDC.TN,inferred
BDH.NM,!,NDC.VA,inferred
BDH.NM,!,NDC.VT,inferred
BDH.NM,!,NDC.WI,inferred
BDH.NM,!,NDC.WV,inferred
BDH.NM,!,NDC.West,inferred
BDH.NV,!,NDC.AL,inferred
BDH.NV,!,NDC.AR,inferred
BDH.NV,!,NDC.CT,inferred
BDH.NV,!,NDC.DE,inferred
BDH.NV,!,NDC.FL,inferred
BDH.NV,!,NDC.GA,inferred
BDH.NV,!,NDC.IA,inferred
BDH.NV,!,NDC.IL,inferred
BDH.NV,!,NDC.IN,inferred
BDH.NV,!,NDC.KS,inferred
BDH.NV,!,NDC.KY,inferred
BDH.NV,!,NDC.LA,inferred
BDH.NV,!,NDC.MA,inferred
BDH.NV,!,NDC.MD,inferred
BDH.NV,!,NDC.ME,inferred
BDH.NV,!,NDC.MI,inferred
BDH.NV,!,NDC.MN,inferred
BDH.NV,!,NDC.MO,inferred
BDH.NV,!,NDC.MS,inferred
BDH.NV,!,NDC.Midwest,inferred
BDH.NV,!,NDC.NC,inferred
BDH.NV,!,NDC.ND,inferred
BDH.NV,!,NDC.NE,inferred
BDH.NV,!,NDC.NH,inferred
BDH.NV,!,NDC.NJ,inferred
BDH.NV,!,NDC.NY,inferred
BDH.NV,!,NDC.Northeast,inferred
BDH.NV,!,NDC.OH,inferred
BDH.NV,!,NDC.OK,inferred
BDH.NV,!,NDC.PA,inferred
BDH.NV,!,NDC.RI,inferred
BDH.NV,!,NDC.SC,inferred
BDH.NV,!,NDC.SD,inferred
BDH.NV,!,NDC.Southeast,inferred
BDH.NV,!,NDC.Southwest,inferred
BDH.NV,!,NDC.TN,inferred
BDH.NV,!,NDC.TX,inferred
BDH.NV,!,NDC.VA,inferred
BDH.NV,!,NDC.VT,inferred
BDH.NV,!,NDC.WI,inferred
BDH.NV,!,NDC.WV,inferred
BDH.NY,!,NDC.AL,inferred
BDH.NY,!,NDC.AR,inferred
BDH.NY,!,NDC.AZ,inferred
BDH.NY,!,NDC.CA,inferred
BDH.NY,!,NDC.CO,inferred
BDH.NY,!,NDC.FL,inferred
BDH.NY,!,NDC.GA,inferred
BDH.NY,!,NDC.IA,inferred
BDH.NY,!,NDC.ID,inferred
BDH.NY,!,NDC.IL,inferred
BDH.NY,!,NDC.IN,inferred
BDH.NY,!,NDC.KS,inferred
BDH.NY,!,NDC.KY,inferred
BDH.NY,!,NDC.LA,inferred
BDH.NY,!,NDC.MI,inferred
BDH.NY,!,NDC.MN,inferred
BDH.NY,!,NDC.MO,inferred
BDH.NY,!,NDC.MS,inferred
BDH.NY,!,NDC.MT,inferred
BDH.NY,!,NDC.Midwest,inferred
BDH.NY,!,NDC.NC,inferred
BDH.NY,!,NDC.ND,inferred
BDH.NY,!,NDC.NE,inferred
BDH.NY,!,NDC.NM,inferred
BDH.NY,!,NDC.NV,inferred
BDH.NY,!,NDC.OH,inferred
BDH.NY,!,NDC.OK,inferred
BDH.NY,!,NDC.OR,inferred
BDH.NY,!,NDC.SC,inferred
BDH.NY,!,NDC.SD,inferred
BDH.NY,!,NDC.Southeast,inferred
BDH.NY,!,NDC.Southwest,inferred
BDH.NY,!,NDC.TN,inferred
BDH.NY,!,NDC.TX,inferred
BDH.NY,!,NDC.UT,inferred
BDH.NY,!,NDC.VA,inferred
BDH.NY,!,NDC.WA,inferred
BDH.NY,!,NDC.WI,inferred
BDH.NY,!,NDC.WV,inferred
BDH.NY,!,NDC.WY,inferred
BDH.NY,!,NDC.West,inferred
BDH.Northeast,!,NDC.AL,inferred
BDH.Northeast,!,NDC.AR,inferred
BDH.Northeast,!,NDC.AZ,inferred
BDH.Northeast,!,NDC.CA,inferred
BDH.Northeast,!,NDC.CO,inferred
BDH.Northeast,!,NDC.DE,inferred
BDH.Northeast,!,NDC.FL,inferred
BDH.Northeast,!,NDC.GA,inferred
BDH.Northeast,!,NDC.IA,inferred
BDH.Northeast,!,NDC.ID,inferred
BDH.Northeast,!,NDC.IL,inferred
BDH.Northeast,!,NDC.IN,inferred
BDH.Northeast,!,NDC.KS,inferred
BDH.Northeast,!,NDC.KY,inferred
BDH.Northeast,!,NDC.LA,inferred
BDH.Northeast,!,NDC.MD,inferred
BDH.Northeast,!,NDC.MI,inferred
BDH.Northeast,!,NDC.MN,inferred
BDH.Northeast,!,NDC.MO,inferred
BDH.Northeast,!,NDC.MS,inferred
BDH.Northeast,!,NDC.MT,inferred
BDH.Northeast,!,NDC.Midwest,inferred
BDH.Northeast,!,NDC.NC,inferred
BDH.Northeast,!,NDC.ND,inferred
BDH.Northeast,!,NDC.NE,inferred
BDH.Northeast,!,NDC.NM,inferred
BDH.Northeast,!,NDC.NV,inferred
BDH.Northeast,<,NDC.Northeast,inferred
BDH.Northeast,!,NDC.OH,inferred
BDH.Northeast,!,NDC.OK,inferred
BDH.Northeast,!,NDC.OR,inferred
BDH.Northeast,!,NDC.SC,inferred
BDH.Northeast,!,NDC.SD,inferred
BDH.Northeast,!,NDC.Southeast,inferred
BDH.Northeast,!,NDC.Southwest,inferred
BDH.Northeast,!,NDC.TN,inferred
BDH.Northeast,!,NDC.TX,inferred
BDH.Northeast,<,NDC.USA,inferred
BDH.Northeast,!,NDC.UT,inferred
BDH.Northeast,!,NDC.VA,inferred
BDH.Northeast,!,NDC.WA,inferred
BDH.Northeast,!,NDC.WI,inferred
BDH.Northeast,!,NDC.WV,inferred
BDH.Northeast,!,NDC.WY,inferred
BDH.Northeast,!,NDC.West,inferred
BDH.OH,!,NDC.AL,inferred
BDH.OH,!,NDC.AR,inferred
BDH.OH,!,NDC.AZ,inferred
BDH.OH,!,NDC.CA,inferred
BDH.OH,!,NDC.CO,inferred
BDH.OH,!,NDC.CT,inferred
BDH.OH,!,NDC.DE,inferred
BDH.OH,!,NDC.FL,inferred
BDH.OH,!,NDC.GA,inferred
BDH.OH,!,NDC.ID,inferred
BDH.OH,!,NDC.KY,inferred
BDH.OH,!,NDC.LA,inferred
BDH.OH,!,NDC.MA,inferred
BDH.OH,!,NDC.MD,inferred
BDH.OH,!,NDC.ME,inferred
BDH.OH,!,NDC.MS,inferred
BDH.OH,!,NDC.MT,inferred
BDH.OH,!,NDC.NC,inferred
BDH.OH,!,NDC.NH,inferred
BDH.OH,!,NDC.NJ,inferred
BDH.OH,!,NDC.NM,inferred
BDH.OH,!,NDC.NV,inferred
BDH.OH,!,NDC.NY,inferred
BDH.OH,!,NDC.Northeast,inferred
BDH.OH,!,NDC.OK,inferred
BDH.OH,!,NDC.OR,inferred
BDH.OH,!,NDC.PA,inferred
BDH.OH,!,NDC.RI,inferred
BDH.OH,!,NDC.SC,inferred
BDH.OH,!,NDC.Southeast,inferred
BDH.OH,!,NDC.Southwest,inferred
BDH.OH,!,NDC.TN,inferred
BDH.OH,!,NDC.TX,inferred
BDH.OH,!,NDC.UT,inferred
BDH.OH,!,NDC.VA,inferred
BDH.OH,!,NDC.VT,inferred
BDH.OH,!,NDC.WA,inferred
BDH.OH,!,NDC.WV,inferred
BDH.OH,!,NDC.WY,inferred
BDH.OH,!,NDC.West,inferred
BDH.OK,!,NDC.CA,inferred
BDH.OK,!,NDC.CO,inferred
BDH.OK,!,NDC.CT,inferred
BDH.OK,!,NDC.IA,inferred
BDH.OK,!,NDC.ID,inferred
BDH.OK,!,NDC.IL,inferred
BDH.OK,!,NDC.IN,inferred
BDH.OK,!,NDC.KS,inferred
BDH.OK,!,NDC.MA,inferred
BDH.OK,!,NDC.ME,inferred
BDH.OK,!,NDC.MI,inferred
BDH.OK,!,NDC.MN,inferred
BDH.OK,!,NDC.MO,inferred
BDH.OK,!,NDC.MT,inferred
BDH.OK,!,NDC.Midwest,inferred
BDH.OK,!,NDC.ND,inferred
BDH.OK,!,NDC.NE,inferred
BDH.OK,!,NDC.NH,inferred
BDH.OK,!,NDC.NJ,inferred
BDH.OK,!,NDC.NV,inferred
BDH.OK,!,NDC.NY,inferred
BDH.OK,!,NDC.Northeast,inferred
BDH.OK,!,NDC.OH,inferred
BDH.OK,!,NDC.OR,inferred
BDH.OK,!,NDC.PA,inferred
BDH.OK,!,NDC.RI,inferred
BDH.OK,!,NDC.SD,inferred
BDH.OK,!,NDC.Southeast,inferred
BDH.OK,!,NDC.UT,inferred
BDH.OK,!,NDC.VT,inferred
BDH.OK,!,NDC.WA,inferred
BDH.OK,!,NDC.WI,inferred
BDH.OK,!,NDC.WY,inferred
BDH.OK,!,NDC.West,inferred
BDH.OR,!,NDC.AL,inferred
BDH.OR,!,NDC.AR,inferred
BDH.OR,!,NDC.CT,inferred
BDH.OR,!,NDC.DE,inferred
BDH.OR,!,NDC.FL,inferred
BDH.OR,!,NDC.GA,inferred
BDH.OR,!,NDC.IA,inferred
BDH.OR,!,NDC.IL,inferred
BDH.OR,!,NDC.IN,inferred
BDH.OR,!,NDC.KS,inferred
BDH.OR,!,NDC.KY,inferred
BDH.OR,!,NDC.LA,inferred
BDH.OR,!,NDC.MA,inferred
BDH.OR,!,NDC.MD,inferred
BDH.OR,!,NDC.ME,inferred
BDH.OR,!,NDC.MI,inferred
BDH.OR,!,NDC.MN,inferred
BDH.OR,!,NDC.MO,inferred
BDH.OR,!,NDC.MS,inferred
BDH.OR,!,NDC.Midwest,inferred
BDH.OR,!,NDC.NC,inferred
BDH.OR,!,NDC.ND,inferred
BDH.OR,!,NDC.NE,inferred
BDH.OR,!,NDC.NH,inferred
BDH.OR,!,NDC.NJ,inferred
BDH.OR,!,NDC.NY,inferred
BDH.OR,!,NDC.Northeast,inferred
BDH.OR,!,NDC.OH,inferred
BDH.OR,!,NDC.OK,inferred
BDH.OR,!,NDC.PA,inferred
BDH.OR,!,NDC.RI,inferred
BDH.OR,!,NDC.SC,inferred
BDH.OR,!,NDC.SD,inferred
BDH.OR,!,NDC.Southeast,inferred
BDH.OR,!,NDC.Southwest,inferred
BDH.OR,!,NDC.TN,inferred
BDH.OR,!,NDC.TX,inferred
BDH.OR,!,NDC.VA,inferred
BDH.OR,!,NDC.VT,inferred
BDH.OR,!,NDC.WI,inferred
BDH.OR,!,NDC.WV,inferred
BDH.PA,!,NDC.AL,inferred
BDH.PA,!,NDC.AR,inferred
BDH.PA,!,NDC.AZ,inferred
BDH.PA,!,NDC.CA,inferred
BDH.PA,!,NDC.CO,inferred
BDH.PA,!,NDC.FL,inferred
BDH.PA,!,NDC.GA,inferred
BDH.PA,!,NDC.IA,inferred
BDH.PA,!,NDC.ID,inferred
BDH.PA,!,NDC.IL,inferred
BDH.PA,!,NDC.IN,inferred
BDH.PA,!,NDC.KS,inferred
BDH.PA,!,NDC.KY,inferred
BDH.PA,!,NDC.LA,inferred
BDH.PA,!,NDC.MI,inferred
BDH.PA,!,NDC.MN,inferred
BDH.PA,!,NDC.MO,inferred
BDH.PA,!,NDC.MS,inferred
BDH.PA,!,NDC.MT,inferred
BDH.PA,!,NDC.Midwest,inferred
BDH.PA,!,NDC.NC,inferred
BDH.PA,!,NDC.ND,inferred
BDH.PA,!,NDC.NE,inferred
BDH.PA,!,NDC.NM,inferred
BDH.PA,!,NDC.NV,inferred
BDH.PA,!,NDC.OH,inferred
BDH.PA,!,NDC.OK,inferred
BDH.PA,!,NDC.OR,inferred
BDH.PA,!,NDC.SC,inferred
BDH.PA,!,NDC.SD,inferred
BDH.PA,!,NDC.Southeast,inferred
BDH.PA,!,NDC.Southwest,inferred
BDH.PA,!,NDC.TN,inferred
BDH.PA,!,NDC.TX,inferred
BDH.PA,!,NDC.UT,inferred
BDH.PA,!,NDC.VA,inferred
BDH.PA,!,NDC.WA,inferred
BDH.PA,!,NDC.WI,inferred
BDH.PA,!,NDC.WV,inferred
BDH.PA,!,NDC.WY,inferred
BDH.PA,!,NDC.West,inferred
BDH.RI,!,NDC.AL,inferred
BDH.RI,!,NDC.AR,inferred
BDH.RI,!,NDC.AZ,inferred
BDH.RI,!,NDC.CA,inferred
BDH.RI,!,NDC.CO,inferred
BDH.RI,!,NDC.FL,inferred
BDH.RI,!,NDC.GA,inferred
BDH.RI,!,NDC.IA,inferred
BDH.RI,!,NDC.ID,inferred
BDH.RI,!,NDC.IL,inferred
BDH.RI,!,NDC.IN,inferred
BDH.RI,!,NDC.KS,inferred
BDH.RI,!,NDC.KY,inferred
BDH.RI,!,NDC.LA,inferred
BDH.RI,!,NDC.MI,inferred
BDH.RI,!,NDC.MN,inferred
BDH.RI,!,NDC.MO,inferred
BDH.RI,!,NDC.MS,inferred
BDH.RI,!,NDC.MT,inferred
BDH.RI,!,NDC.Midwest,inferred
BDH.RI,!,NDC.NC,inferred
BDH.RI,!,NDC.ND,inferred
BDH.RI,!,NDC.NE,inferred
BDH.RI,!,NDC.NM,inferred
BDH.RI,!,NDC.NV,inferred
BDH.RI,!,NDC.OH,inferred
BDH.RI,!,NDC.OK,inferred
BDH.RI,!,NDC.OR,inferred
BDH.RI,!,NDC.SC,inferred
BDH.RI,!,NDC.SD,inferred
BDH.RI,!,NDC.Southeast,inferred
BDH.RI,!,NDC.Southwest,inferred
BDH.RI,!,NDC.TN,inferred
BDH.RI,!,NDC.TX,inferred
BDH.RI,!,NDC.UT,inferred
BDH.RI,!,NDC.VA,inferred
BDH.RI,!,NDC.WA,inferred
BDH.RI,!,NDC.WI,inferred
BDH.RI,!,NDC.WV,inferred
BDH.RI,!,NDC.WY,inferred
BDH.RI,!,NDC.West,inferred
BDH.SC,!,NDC.AZ,inferred
BDH.SC,!,NDC.CA,inferred
BDH.SC,!,NDC.CO,inferred
BDH.SC,!,NDC.CT,inferred
BDH.SC,!,NDC.IA,inferred
BDH.SC,!,NDC.ID,inferred
BDH.SC,!,NDC.IL,inferred
BDH.SC,!,NDC.IN,inferred
BDH.SC,!,NDC.KS,inferred
BDH.SC,!,NDC.MA,inferred
BDH.SC,!,NDC.ME,inferred
BDH.SC,!,NDC.MI,inferred
BDH.SC,!,NDC.MN,inferred
BDH.SC,!,NDC.MO,inferred
BDH.SC,!,NDC.MT,inferred
BDH.SC,!,NDC.Midwest,inferred
BDH.SC,!,NDC.ND,inferred
BDH.SC,!,NDC.NE,inferred
BDH.SC,!,NDC.NH,inferred
BDH.SC,!,NDC.NJ,inferred
BDH.SC,!,NDC.NM,inferred
BDH.SC,!,NDC.NV,inferred
BDH.SC,!,NDC.NY,inferred
BDH.SC,!,NDC.Northeast,inferred
BDH.SC,!,NDC.OH,inferred
BDH.SC,!,NDC.OR,inferred
BDH.SC,!,NDC.PA,inferred
BDH.SC,!,NDC.RI,inferred
BDH.SC,!,NDC.SD,inferred
BDH.SC,!,NDC.Southwest,inferred
BDH.SC,!,NDC.UT,inferred
BDH.SC,!,NDC.VT,inferred
BDH.SC,!,NDC.WA,inferred
BDH.SC,!,NDC.WI,inferred
BDH.SC,!,NDC.WY,inferred
BDH.SC,!,NDC.West,inferred
BDH.SD,!,NDC.AL,inferred
BDH.SD,!,NDC.AR,inferred
BDH.SD,!,NDC.AZ,inferred
BDH.SD,!,NDC.CA,inferred
BDH.SD,!,NDC.CO,inferred
BDH.SD,!,NDC.CT,inferred
BDH.SD,!,NDC.DE,inferred
BDH.SD,!,NDC.FL,inferred
BDH.SD,!,NDC.GA,inferred
BDH.SD,!,NDC.ID,inferred
BDH.SD,!,NDC.KY,inferred
BDH.SD,!,NDC.LA,inferred
BDH.SD,!,NDC.MA,inferred
BDH.SD,!,NDC.MD,inferred
BDH.SD,!,NDC.ME,inferred
BDH.SD,!,NDC.MS,inferred
BDH.SD,!,NDC.MT,inferred
BDH.SD,!,NDC.NC,inferred
BDH.SD,!,NDC.NH,inferred
BDH.SD,!,NDC.NJ,inferred
BDH.SD,!,NDC.NM,inferred
BDH.SD,!,NDC.NV,inferred
BDH.SD,!,NDC.NY,inferred
BDH.SD,!,NDC.Northeast,inferred
BDH.SD,!,NDC.OK,inferred
BDH.SD,!,NDC.OR,inferred
BDH.SD,!,NDC.PA,inferred
BDH.SD,!,NDC.RI,inferred
BDH.SD,!,NDC.SC,inferred
BDH.SD,!,NDC.Southeast,inferred
BDH.SD,!,NDC.Southwest,inferred
BDH.SD,!,NDC.TN,inferred
BDH.SD,!,NDC.TX,inferred
BDH.SD,!,NDC.UT,inferred
BDH.SD,!,NDC.VA,inferred
BDH.SD,!,NDC.VT,inferred
BDH.SD,!,NDC.WA,inferred
BDH.SD,!,NDC.WV,inferred
BDH.SD,!,NDC.WY,inferred
BDH.SD,!,NDC.West,inferred
BDH.South,!,NDC.AZ,inferred
BDH.South,!,NDC.CA,inferred
BDH.South,!,NDC.CO,inferred
BDH.South,!,NDC.CT,inferred
BDH.South,!,NDC.IA,inferred
BDH.South,!,NDC.ID,inferred
BDH.South,!,NDC.IL,inferred
BDH.South,!,NDC.IN,inferred
BDH.South,!,NDC.KS,inferred
BDH.South,!,NDC.MA,inferred
BDH.South,!,NDC.ME,inferred
BDH.South,!,NDC.MI,inferred
BDH.South,!,NDC.MN,inferred
BDH.South,!,NDC.MO,inferred
BDH.South,!,NDC.MT,inferred
BDH.South,!,NDC.Midwest,inferred
BDH.South,!,NDC.ND,inferred
BDH.South,!,NDC.NE,inferred
BDH.South,!,NDC.NH,inferred
BDH.South,!,NDC.NJ,inferred
BDH.South,!,NDC.NM,inferred
BDH.South,!,NDC.NV,inferred
BDH.South,!,NDC.NY,inferred
BDH.South,><,NDC.Northeast,inferred
BDH.South,!,NDC.OH,inferred
BDH.South,!,NDC.OR,inferred
BDH.South,!,NDC.PA,inferred
BDH.South,!,NDC.RI,inferred
BDH.South,!,NDC.SD,inferred
BDH.South,>,NDC.Southeast,inferred
BDH.South,><,NDC.Southwest,inferred
BDH.South,><,NDC.USA,inferred
BDH.South,!,NDC.UT,inferred
BDH.South,!,NDC.VT,inferred
BDH.South,!,NDC.WA,inferred
BDH.South,!,NDC.WI,inferred
BDH.South,!,NDC.WY,inferred
BDH.South,!,NDC.West,inferred
BDH.TN,!,NDC.AZ,inferred
BDH.TN,!,NDC.CA,inferred
BDH.TN,!,NDC.CO,inferred
BDH.TN,!,NDC.CT,inferred
BDH.TN,!,NDC.IA,inferred
BDH.TN,!,NDC.ID,inferred
BDH.TN,!,NDC.IL,inferred
BDH.TN,!,NDC.IN,inferred
BDH.TN,!,NDC.KS,inferred
BDH.TN,!,NDC.MA,inferred
BDH.TN,!,NDC.ME,inferred
BDH.TN,!,NDC.MI,inferred
BDH.TN,!,NDC.MN,inferred
BDH.TN,!,NDC.MO,inferred
BDH.TN,!,NDC.MT,inferred
BDH.TN,!,NDC.Midwest,inferred
BDH.TN,!,NDC.ND,inferred
BDH.TN,!,NDC.NE,inferred
BDH.TN,!,NDC.NH,inferred
BDH.TN,!,NDC.NJ,inferred
BDH.TN,!,NDC.NM,inferred
BDH.TN,!,NDC.NV,inferred
BDH.TN,!,NDC.NY,inferred
BDH.TN,!,NDC.Northeast,inferred
BDH.TN,!,NDC.OH,inferred
BDH.TN,!,NDC.OR,inferred
BDH.TN,!,NDC.PA,inferred
BDH.TN,!,NDC.RI,inferred
BDH.TN,!,NDC.SD,inferred
BDH.TN,!,NDC.Southwest,inferred
BDH.TN,!,NDC.UT,inferred
BDH.TN,!,NDC.VT,inferred
BDH.TN,!,NDC.WA,inferred
BDH.TN,!,NDC.WI,inferred
BDH.TN,!,NDC.WY,inferred
BDH.TN,!,NDC.West,inferred
BDH.TX,!,NDC.CA,inferred
BDH.TX,!,NDC.CO,inferred
BDH.TX,!,NDC.CT,inferred
BDH.TX,!,NDC.IA,inferred
BDH.TX,!,NDC.ID,inferred
BDH.TX,!,NDC.IL,inferred
BDH.TX,!,NDC.IN,inferred
BDH.TX,!,NDC.KS,inferred
BDH.TX,!,NDC.MA,inferred
BDH.TX,!,NDC.ME,inferred
BDH.TX,!,NDC.MI,inferred
BDH.TX,!,NDC.MN,inferred
BDH.TX,!,NDC.MO,inferred
BDH.TX,!,NDC.MT,inferred
BDH.TX,!,NDC.Midwest,inferred
BDH.TX,!,NDC.ND,inferred
BDH.TX,!,NDC.NE,inferred
BDH.TX,!,NDC.NH,inferred
BDH.TX,!,NDC.NJ,inferred
BDH.TX,!,NDC.NV,inferred
BDH.TX,!,NDC.NY,inferred
BDH.TX,!,NDC.Northeast,inferred
BDH.TX,!,NDC.OH,inferred
BDH.TX,!,NDC.OR,inferred
BDH.TX,!,NDC.PA,inferred
BDH.TX,!,NDC.RI,inferred
BDH.TX,!,NDC.SD,inferred
BDH.TX,!,NDC.Southeast,inferred
BDH.TX,!,NDC.UT,inferred
BDH.TX,!,NDC.VT,inferred
BDH.TX,!,NDC.WA,inferred
BDH.TX,!,NDC.WI,inferred
BDH.TX,!,NDC.WY,inferred
BDH.TX,!,NDC.West,inferred
BDH.USA,>,NDC.Midwest,inferred
BDH.USA,>,NDC.Northeast,inferred
BDH.USA,>,NDC.Southeast,inferred
BDH.USA,>,NDC.Southwest,inferred
BDH.USA,>,NDC.USA,inferred
BDH.USA,>,NDC.West,inferred
BDH.UT,!,NDC.AL,inferred
BDH.UT,!,NDC.AR,inferred
BDH.UT,!,NDC.CT,inferred
BDH.UT,!,NDC.DE,inferred
BDH.UT,!,NDC.FL,inferred
BDH.UT,!,NDC.GA,inferred
BDH.UT,!,NDC.IA,inferred
BDH.UT,!,NDC.IL,inferred
BDH.UT,!,NDC.IN,inferred
BDH.UT,!,NDC.KS,inferred
BDH.UT,!,NDC.KY,inferred
BDH.UT,!,NDC.LA,inferred
BDH.UT,!,NDC.MA,inferred
BDH.UT,!,NDC.MD,inferred
BDH.UT,!,NDC.ME,inferred
BDH.UT,!,NDC.MI,inferred
BDH.UT,!,NDC.MN,inferred
BDH.UT,!,NDC.MO,inferred
BDH.UT,!,NDC.MS,inferred
BDH.UT,!,NDC.Midwest,inferred
BDH.UT,!,NDC.NC,inferred
BDH.UT,!,NDC.ND,inferred
BDH.UT,!,NDC.NE,inferred
BDH.UT,!,NDC.NH,inferred
BDH.UT,!,NDC.NJ,inferred
BDH.UT,!,NDC.NY,inferred
BDH.UT,!,NDC.Northeast,inferred
BDH.UT,!,NDC.OH,inferred
BDH.UT,!,NDC.OK,inferred
BDH.UT,!,NDC.PA,inferred
BDH.UT,!,NDC.RI,inferred
BDH.UT,!,NDC.SC,inferred
BDH.UT,!,NDC.SD,inferred
BDH.UT,!,NDC.Southeast,inferred
BDH.UT,!,NDC.Southwest,inferred
BDH.UT,!,NDC.TN,inferred
BDH.UT,!,NDC.TX,inferred
BDH.UT,!,NDC.VA,inferred
BDH.UT,!,NDC.VT,inferred
BDH.UT,!,NDC.WI,inferred
BDH.UT,!,NDC.WV,inferred
BDH.VA,!,NDC.AZ,inferred
BDH.VA,!,NDC.CA,inferred
BDH.VA,!,NDC.CO,inferred
BDH.VA,!,NDC.CT,inferred
BDH.VA,!,NDC.IA,inferred
BDH.VA,!,NDC.ID,inferred
BDH.VA,!,NDC.IL,inferred
BDH.VA,!,NDC.IN,inferred
BDH.VA,!,NDC.KS,inferred
BDH.VA,!,NDC.MA,inferred
BDH.VA,!,NDC.ME,inferred
BDH.VA,!,NDC.MI,inferred
BDH.VA,!,NDC.MN,inferred
BDH.VA,!,NDC.MO,inferred
BDH.VA,!,NDC.MT,inferred
BDH.VA,!,NDC.Midwest,inferred
BDH.VA,!,NDC.ND,inferred
BDH.VA,!,NDC.NE,inferred
BDH.VA,!,NDC.NH,inferred
BDH.VA,!,NDC.NJ,inferred
BDH.VA,!,NDC.NM,inferred
BDH.VA,!,NDC.NV,inferred
BDH.VA,!,NDC.NY,inferred
BDH.VA,!,NDC.Northeast,inferred
BDH.VA,!,NDC.OH,inferred
BDH.VA,!,NDC.OR,inferred
BDH.VA,!,NDC.PA,inferred
BDH.VA,!,NDC.RI,inferred
BDH.VA,!,NDC.SD,inferred
BDH.VA,!,NDC.Southwest,inferred
BDH.VA,!,NDC.UT,inferred
BDH.VA,!,NDC.VT,inferred
BDH.VA,!,NDC.WA,inferred
BDH.VA,!,NDC.WI,inferred
BDH.VA,!,NDC.WY,inferred
BDH.VA,!,NDC.West,inferred
BDH.VT,!,NDC.AL,inferred
BDH.VT,!,NDC.AR,inferred
BDH.VT,!,NDC.AZ,inferred
BDH.VT,!,NDC.CA,inferred
BDH.VT,!,NDC.CO,inferred
BDH.VT,!,NDC.FL,inferred
BDH.VT,!,NDC.GA,inferred
BDH.VT,!,NDC.IA,inferred
BDH.VT,!,NDC.ID,inferred
BDH.VT,!,NDC.IL,inferred
BDH.VT,!,NDC.IN,inferred
BDH.VT,!,NDC.KS,inferred
BDH.VT,!,NDC.KY,inferred
BDH.VT,!,NDC.LA,inferred
BDH.VT,!,NDC.MI,inferred
BDH.VT,!,NDC.MN,inferred
BDH.VT,!,NDC.MO,inferred
BDH.VT,!,NDC.MS,inferred
BDH.VT,!,NDC.MT,inferred
BDH.VT,!,NDC.Midwest,inferred
BDH.VT,!,NDC.NC,inferred
BDH.VT,!,NDC.ND,inferred
BDH.VT,!,NDC.NE,inferred
BDH.VT,!,NDC.NM,inferred
BDH.VT,!,NDC.NV,inferred
BDH.VT,!,NDC.OH,inferred
BDH.VT,!,NDC.OK,inferred
BDH.VT,!,NDC.OR,inferred
BDH.VT,!,NDC.SC,inferred
BDH.VT,!,NDC.SD,inferred
BDH.VT,!,NDC.Southeast,inferred
BDH.VT,!,NDC.Southwest,inferred
BDH.VT,!,NDC.TN,inferred
BDH.VT,!,NDC.TX,inferred
BDH.VT,!,NDC.UT,inferred
BDH.VT,!,NDC.VA,inferred
BDH.VT,!,NDC.WA,inferred
BDH.VT,!,NDC.WI,inferred
BDH.VT,!,NDC.WV,inferred
BDH.VT,!,NDC.WY,inferred
BDH.VT,!,NDC.West,inferred
BDH.WA,!,NDC.AL,inferred
BDH.WA,!,NDC.AR,inferred
BDH.WA,!,NDC.CT,inferred
BDH.WA,!,NDC.DE,inferred
BDH.WA,!,NDC.FL,inferred
BDH.WA,!,NDC.GA,inferred
BDH.WA,!,NDC.IA,inferred
BDH.WA,!,NDC.IL,inferred
BDH.WA,!,NDC.IN,inferred
BDH.WA,!,NDC.KS,inferred
BDH.WA,!,NDC.KY,inferred
BDH.WA,!,NDC.LA,inferred
BDH.WA,!,NDC.MA,inferred
BDH.WA,!,NDC.MD,inferred
BDH.WA,!,NDC.ME,inferred
BDH.WA,!,NDC.MI,inferred
BDH.WA,!,NDC.MN,inferred
BDH.WA,!,NDC.MO,inferred
BDH.WA,!,NDC.MS,inferred
BDH.WA,!,NDC.Midwest,inferred
BDH.WA,!,NDC.NC,inferred
BDH.WA,!,NDC.ND,inferred
BDH.WA,!,NDC.NE,inferred
BDH.WA,!,NDC.NH,inferred
BDH.WA,!,NDC.NJ,inferred
BDH.WA,!,NDC.NY,inferred
BDH.WA,!,NDC.Northeast,inferred
BDH.WA,!,NDC.OH,inferred
BDH.WA,!,NDC.OK,inferred
BDH.WA,!,NDC.PA,inferred
BDH.WA,!,NDC.RI,inferred
BDH.WA,!,NDC.SC,inferred
BDH.WA,!,NDC.SD,inferred
BDH.WA,!,NDC.Southeast,inferred
BDH.WA,!,NDC.Southwest,inferred
BDH.WA,!,NDC.TN,inferred
BDH.WA,!,NDC.TX,inferred
BDH.WA,!,NDC.VA,inferred
BDH.WA,!,NDC.VT,inferred
BDH.WA,!,NDC.WI,inferred
BDH.WA,!,NDC.WV,inferred
BDH.WI,!,NDC.AL,inferred
BDH.WI,!,NDC.AR,inferred
BDH.WI,!,NDC.AZ,inferred
BDH.WI,!,NDC.CA,inferred
BDH.WI,!,NDC.CO,inferred
BDH.WI,!,NDC.CT,inferred
BDH.WI,!,NDC.DE,inferred
BDH.WI,!,NDC.FL,inferred
BDH.WI,!,NDC.GA,inferred
BDH.WI,!,NDC.ID,inferred
BDH.WI,!,NDC.KY,inferred
BDH.WI,!,NDC.LA,inferred
BDH.WI,!,NDC.MA,inferred
BDH.WI,!,NDC.MD,inferred
BDH.WI,!,NDC.ME,inferred
BDH.WI,!,NDC.MS,inferred
BDH.WI,!,NDC.MT,inferred
BDH.WI,!,NDC.NC,inferred
BDH.WI,!,NDC.NH,inferred
BDH.WI,!,NDC.NJ,inferred
BDH.WI,!,NDC.NM,inferred
BDH.WI,!,NDC.NV,inferred
BDH.WI,!,NDC.NY,inferred
BDH.WI,!,NDC.Northeast,inferred
BDH.WI,!,NDC.OK,inferred
BDH.WI,!,NDC.OR,inferred
BDH.WI,!,NDC.PA,inferred
BDH.WI,!,NDC.RI,inferred
BDH.WI,!,NDC.SC,inferred
BDH.WI,!,NDC.Southeast,inferred
BDH.WI,!,NDC.Southwest,inferred
BDH.WI,!,NDC.TN,inferred
BDH.WI,!,NDC.TX,inferred
BDH.WI,!,NDC.UT,inferred
BDH.WI,!,NDC.VA,inferred
BDH.WI,!,NDC.VT,inferred
BDH.WI,!,NDC.WA,inferred
BDH.WI,!,NDC.WV,inferred
BDH.WI,!,NDC.WY,inferred
BDH.WI,!,NDC.West,inferred
BDH.WV,!,NDC.AZ,inferred
BDH.WV,!,NDC.CA,inferred
BDH.WV,!,NDC.CO,inferred
BDH.WV,!,NDC.CT,inferred
BDH.WV,!,NDC.IA,inferred
BDH.WV,!,NDC.ID,inferred
BDH.WV,!,NDC.IL,inferred
BDH.WV,!,NDC.IN,inferred
BDH.WV,!,NDC.KS,inferred
BDH.WV,!,NDC.MA,inferred
BDH.WV,!,NDC.ME,inferred
BDH.WV,!,NDC.MI,inferred
BDH.WV,!,NDC.MN,inferred
BDH.WV,!,NDC.MO,inferred
BDH.WV,!,NDC.MT,inferred
BDH.WV,!,NDC.Midwest,inferred
BDH.WV,!,NDC.ND,inferred
BDH.WV,!,NDC.NE,inferred
BDH.WV,!,NDC.NH,inferred
BDH.WV,!,NDC.NJ,inferred
BDH.WV,!,NDC.NM,inferred
BDH.WV,!,NDC.NV,inferred
BDH.WV,!,NDC.NY,inferred
BDH.WV,!,NDC.Northeast,inferred
BDH.WV,!,NDC.OH,inferred
BDH.WV,!,NDC.OR,inferred
BDH.WV,!,NDC.PA,inferred
BDH.WV,!,NDC.RI,inferred
BDH.WV,!,NDC.SD,inferred
BDH.WV,!,NDC.Southwest,inferred
BDH.WV,!,NDC.UT,inferred
BDH.WV,!,NDC.VT,inferred
BDH.WV,!,NDC.WA,inferred
BDH.WV,!,NDC.WI,inferred
BDH.WV,!,NDC.WY,inferred
BDH.WV,!,NDC.West,inferred
BDH.WY,!,NDC.AL,inferred
BDH.WY,!,NDC.AR,inferred
BDH.WY,!,NDC.CT,inferred
BDH.WY,!,NDC.DE,inferred
BDH.WY,!,NDC.FL,inferred
BDH.WY,!,NDC.GA,inferred
BDH.WY,!,NDC.IA,inferred
BDH.WY,!,NDC.IL,inferred
BDH.WY,!,NDC.IN,inferred
BDH.WY,!,NDC.KS,inferred
BDH.WY,!,NDC.KY,inferred
BDH.WY,!,NDC.LA,inferred
BDH.WY,!,NDC.MA,inferred
BDH.WY,!,NDC.MD,inferred
BDH.WY,!,NDC.ME,inferred
BDH.WY,!,NDC.MI,inferred
BDH.WY,!,NDC.MN,inferred
BDH.WY,!,NDC.MO,inferred
BDH.WY,!,NDC.MS,inferred
BDH.WY,!,NDC.Midwest,inferred
BDH.WY,!,NDC.NC,inferred
BDH.WY,!,NDC.ND,inferred
BDH.WY,!,NDC.NE,inferred
BDH.WY,!,NDC.NH,inferred
BDH.WY,!,NDC.NJ,inferred
BDH.WY,!,NDC.NY,inferred
BDH.WY,!,NDC.Northeast,inferred
BDH.WY,!,NDC.OH,inferred
BDH.WY,!,NDC.OK,inferred
BDH.WY,!,NDC.PA,inferred
BDH.WY,!,NDC.RI,inferred
BDH.WY,!,NDC.SC,inferred
BDH.WY,!,NDC.SD,inferred
BDH.WY,!,NDC.Southeast,inferred
BDH.WY,!,NDC.Southwest,inferred
BDH.WY,!,NDC.TN,inferred
BDH.WY,!,NDC.TX,inferred
BDH.WY,!,NDC.VA,inferred
BDH.WY,!,NDC.VT,inferred
BDH.WY,!,NDC.WI,inferred
BDH.WY,!,NDC.WV,inferred
BDH.West,!,NDC.AL,inferred
BDH.West,!,NDC.AR,inferred
BDH.West,!,NDC.CT,inferred
BDH.West,!,NDC.DE,inferred
BDH.West,!,NDC.FL,inferred
BDH.West,!,NDC.GA,inferred
BDH.West,!,NDC.IA,inferred
BDH.West,!,NDC.IL,inferred
BDH.West,!,NDC.IN,inferred
BDH.West,!,NDC.KS,inferred
BDH.West,!,NDC.KY,inferred
BDH.West,!,NDC.LA,inferred
BDH.West,!,NDC.MA,inferred
BDH.West,!,NDC.MD,inferred
BDH.West,!,NDC.ME,inferred
BDH.West,!,NDC.MI,inferred
BDH.West,!,NDC.MN,inferred
BDH.West,!,NDC.MO,inferred
BDH.West,!,NDC.MS,inferred
BDH.West,!,NDC.Midwest,inferred
BDH.West,!,NDC.NC,inferred
BDH.West,!,NDC.ND,inferred
BDH.West,!,NDC.NE,inferred
BDH.West,!,NDC.NH,inferred
BDH.West,!,NDC.NJ,inferred
BDH.West,!,NDC.NY,inferred
BDH.West,!,NDC.Northeast,inferred
BDH.West,!,NDC.OH,inferred
BDH.West,!,NDC.OK,inferred
BDH.West,!,NDC.PA,inferred
BDH.West,!,NDC.RI,inferred
BDH.West,!,NDC.SC,inferred
BDH.West,!,NDC.SD,inferred
BDH.West,!,NDC.Southeast,inferred
BDH.West,><,NDC.Southwest,inferred
BDH.West,!,NDC.TN,inferred
BDH.West,!,NDC.TX,inferred
BDH.West,><,NDC.USA,inferred
BDH.West,!,NDC.VA,inferred
BDH.West,!,NDC.VT,inferred
BDH.West,!,NDC.WI,inferred
BDH.West,!,NDC.WV,inferred
BDH.West,>,NDC.West,inferred
BDH.AL,=,NDC.AL,input
BDH.AR,=,NDC.AR,input
BDH.AZ,=,NDC.AZ,input
BDH.CA,=,NDC.CA,input
BDH.CO,=,NDC.CO,input
BDH.CT,=,NDC.CT,input
BDH.DE,=,NDC.DE,input
BDH.FL,=,NDC.FL,input
BDH.GA,=,NDC.GA,input
BDH.IA,=,NDC.IA,input
BDH.ID,=,NDC.ID,input
BDH.IL,=,NDC.IL,input
BDH.IN,=,NDC.IN,input
BDH.KS,=,NDC.KS,input
BDH.KY,=,NDC.KY,input
BDH.LA,=,NDC.LA,input
BDH.MA,=,NDC.MA,input
BDH.MD,=,NDC.MD,input
BDH.ME,=,NDC.ME,input
BDH.MI,=,NDC.MI,input
BDH.MN,=,NDC.MN,input
BDH.MO,=,NDC.MO,input
BDH.MS,=,NDC.MS,input
BDH.MT,=,NDC.MT,input
BDH.NC,=,NDC.NC,input
BDH.ND,=,NDC.ND,input
BDH.NE,=,NDC.NE,input
BDH.NH,=,NDC.NH,input
BDH.NJ,=,NDC.NJ,input
BDH.NM,=,NDC.NM,input
BDH.NV,=,NDC.NV,input
BDH.NY,=,NDC.NY,input
BDH.OH,=,NDC.OH,input
BDH.OK,=,NDC.OK,input
BDH.OR,=,NDC.OR,input
BDH.PA,=,NDC.PA,input
BDH.RI,=,NDC.RI,input
BDH.SC,=,NDC.SC,input
BDH.SD,=,NDC.SD,input
BDH.TN,=,NDC.TN,input
BDH.TX,=,NDC.TX,input
BDH.UT,=,NDC.UT,input
BDH.VA,=,NDC.VA,input
BDH.VT,=,NDC.VT,input
BDH.WA,=,NDC.WA,input
BDH.WI,=,NDC.WI,input
BDH.WV,=,NDC.WV,input
BDH.WY,=,NDC.WY,input
